JAKUB,2005,15803
KACPER,2005,12509
MATEUSZ,2005,9933
MICHAŁ,2005,6683
SZYMON,2005,6167
BARTOSZ,2005,5531
DAWID,2005,5500
KAMIL,2005,5264
MACIEJ,2005,4813
PIOTR,2005,4654
PAWEŁ,2005,4539
PATRYK,2005,4413
FILIP,2005,4374
MIKOŁAJ,2005,3907
KAROL,2005,3896
DOMINIK,2005,3633
WIKTOR,2005,3587
JAN,2005,3242
IGOR,2005,3065
ADAM,2005,2981
OSKAR,2005,2966
BARTŁOMIEJ,2005,2904
ADRIAN,2005,2694
HUBERT,2005,2643
ŁUKASZ,2005,2614
WOJCIECH,2005,2466
SEBASTIAN,2005,2352
KRZYSZTOF,2005,2282
OLIWIER,2005,2261
KRYSTIAN,2005,2233
TOMASZ,2005,2195
MARCIN,2005,2154
DAMIAN,2005,2104
MAKSYMILIAN,2005,2071
KONRAD,2005,1962
ALEKSANDER,2005,1918
DANIEL,2005,1697
MIŁOSZ,2005,1665
MARCEL,2005,1548
ANTONI,2005,1447
NIKODEM,2005,1140
ALAN,2005,1136
RAFAŁ,2005,1072
PRZEMYSŁAW,2005,1043
FRANCISZEK,2005,1025
ERYK,2005,1022
STANISŁAW,2005,928
GRZEGORZ,2005,874
NORBERT,2005,871
ARTUR,2005,791
RADOSŁAW,2005,779
FABIAN,2005,726
GABRIEL,2005,678
BŁAŻEJ,2005,666
ARKADIUSZ,2005,625
GRACJAN,2005,622
TYMOTEUSZ,2005,617
MAREK,2005,607
OLAF,2005,594
ROBERT,2005,550
BRAJAN,2005,456
CEZARY,2005,433
KAJETAN,2005,424
KUBA,2005,415
ANDRZEJ,2005,403
JULIAN,2005,370
JACEK,2005,363
MARIUSZ,2005,359
OLIVIER,2005,344
TOBIASZ,2005,314
SEWERYN,2005,306
EMIL,2005,296
DARIUSZ,2005,284
KSAWERY,2005,283
KEWIN,2005,282
ALEKS,2005,269
TYMON,2005,263
IGNACY,2005,256
KORNEL,2005,254
CYPRIAN,2005,236
JĘDRZEJ,2005,234
DORIAN,2005,232
BORYS,2005,220
OLIWER,2005,207
ALBERT,2005,200
NATAN,2005,195
KLAUDIUSZ,2005,194
JAROSŁAW,2005,189
REMIGIUSZ,2005,174
MAKSYM,2005,165
ALEX,2005,159
OLIVER,2005,159
SAMUEL,2005,153
WITOLD,2005,152
ERNEST,2005,151
DENIS,2005,150
DAVID,2005,147
ALEXANDER,2005,146
LEON,2005,142
SYLWESTER,2005,139
JAKUB,2006,15739
KACPER,2006,12516
MATEUSZ,2006,8969
SZYMON,2006,7350
BARTOSZ,2006,6975
MICHAŁ,2006,6585
DAWID,2006,5334
PIOTR,2006,4919
FILIP,2006,4682
MACIEJ,2006,4627
KAMIL,2006,4599
PATRYK,2006,4365
MIKOŁAJ,2006,4290
PAWEŁ,2006,3998
WIKTOR,2006,3995
DOMINIK,2006,3826
KAROL,2006,3808
OSKAR,2006,3406
ADAM,2006,3388
JAN,2006,3226
IGOR,2006,3154
TOMASZ,2006,2795
ŁUKASZ,2006,2765
ADRIAN,2006,2740
BARTŁOMIEJ,2006,2714
WOJCIECH,2006,2607
MAKSYMILIAN,2006,2603
KRZYSZTOF,2006,2523
HUBERT,2006,2448
OLIWIER,2006,2336
SEBASTIAN,2006,2336
ALEKSANDER,2006,2198
KRYSTIAN,2006,2185
MARCIN,2006,2011
DAMIAN,2006,1920
MIŁOSZ,2006,1912
KONRAD,2006,1880
ANTONI,2006,1846
MARCEL,2006,1840
DANIEL,2006,1617
ALAN,2006,1398
FRANCISZEK,2006,1310
NIKODEM,2006,1191
RAFAŁ,2006,1190
STANISŁAW,2006,1152
PRZEMYSŁAW,2006,1086
ERYK,2006,1018
FABIAN,2006,912
GRZEGORZ,2006,901
RADOSŁAW,2006,889
ARTUR,2006,806
GABRIEL,2006,778
TYMOTEUSZ,2006,753
BŁAŻEJ,2006,726
NORBERT,2006,673
ARKADIUSZ,2006,648
MAREK,2006,636
ROBERT,2006,598
GRACJAN,2006,577
KUBA,2006,570
OLAF,2006,558
KAJETAN,2006,549
ANDRZEJ,2006,459
OLIVIER,2006,442
JULIAN,2006,422
CEZARY,2006,411
TOBIASZ,2006,397
JACEK,2006,395
CYPRIAN,2006,368
EMIL,2006,344
ALEKS,2006,330
MARIUSZ,2006,323
BORYS,2006,322
KSAWERY,2006,311
IGNACY,2006,308
TYMON,2006,308
DARIUSZ,2006,298
KORNEL,2006,294
SEWERYN,2006,291
BRAJAN,2006,283
ALEX,2006,276
NATAN,2006,274
OLIVER,2006,244
DAVID,2006,236
DORIAN,2006,229
WITOLD,2006,216
JĘDRZEJ,2006,206
ALEXANDER,2006,191
BRUNO,2006,189
REMIGIUSZ,2006,188
OLIWER,2006,184
LEON,2006,181
KLAUDIUSZ,2006,180
SAMUEL,2006,179
JAROSŁAW,2006,177
KEVIN,2006,174
KEWIN,2006,169
MAKSYM,2006,162
NATANIEL,2006,159
ALBERT,2006,156
JAKUB,2007,16101
KACPER,2007,12188
MATEUSZ,2007,8650
SZYMON,2007,7956
BARTOSZ,2007,7660
MICHAŁ,2007,6843
DAWID,2007,5623
FILIP,2007,5579
PIOTR,2007,5224
WIKTOR,2007,4737
MACIEJ,2007,4561
MIKOŁAJ,2007,4263
PATRYK,2007,4155
PAWEŁ,2007,3995
KAMIL,2007,3983
DOMINIK,2007,3904
ADAM,2007,3795
IGOR,2007,3709
JAN,2007,3552
OSKAR,2007,3535
KAROL,2007,3220
ADRIAN,2007,2973
KRZYSZTOF,2007,2928
MAKSYMILIAN,2007,2839
TOMASZ,2007,2815
WOJCIECH,2007,2813
BARTŁOMIEJ,2007,2700
OLIWIER,2007,2647
ANTONI,2007,2490
ŁUKASZ,2007,2475
SEBASTIAN,2007,2475
ALEKSANDER,2007,2432
KRYSTIAN,2007,2399
HUBERT,2007,2297
MARCEL,2007,2297
MARCIN,2007,1987
MIŁOSZ,2007,1984
DAMIAN,2007,1879
FRANCISZEK,2007,1727
KONRAD,2007,1726
DANIEL,2007,1677
ALAN,2007,1576
NIKODEM,2007,1464
STANISŁAW,2007,1301
RAFAŁ,2007,1172
PRZEMYSŁAW,2007,1104
FABIAN,2007,1093
ERYK,2007,1072
GRZEGORZ,2007,978
ARTUR,2007,956
GABRIEL,2007,887
RADOSŁAW,2007,854
TYMOTEUSZ,2007,839
BŁAŻEJ,2007,821
GRACJAN,2007,705
MAREK,2007,644
OLIVIER,2007,643
ARKADIUSZ,2007,642
KUBA,2007,634
NORBERT,2007,633
OLAF,2007,629
JULIAN,2007,598
ROBERT,2007,593
KAJETAN,2007,529
TYMON,2007,496
BORYS,2007,471
CEZARY,2007,451
JACEK,2007,421
TOBIASZ,2007,415
CYPRIAN,2007,409
ANDRZEJ,2007,407
ALEX,2007,406
NATAN,2007,388
KORNEL,2007,372
IGNACY,2007,364
EMIL,2007,356
MARIUSZ,2007,337
KSAWERY,2007,321
SEWERYN,2007,321
OLIVER,2007,318
ALEKS,2007,311
DAVID,2007,304
ALEXANDER,2007,297
BRAJAN,2007,290
DARIUSZ,2007,278
LEON,2007,269
BRUNO,2007,249
DORIAN,2007,249
KEVIN,2007,236
JĘDRZEJ,2007,226
WITOLD,2007,217
NATANIEL,2007,214
SAMUEL,2007,199
REMIGIUSZ,2007,187
ALBERT,2007,181
JAROSŁAW,2007,180
MAKSYM,2007,171
KEWIN,2007,165
ERNEST,2007,159
DENIS,2007,149
JAKUB,2008,15815
KACPER,2008,11643
MATEUSZ,2008,9047
SZYMON,2008,8403
BARTOSZ,2008,7498
FILIP,2008,7348
MICHAŁ,2008,7217
DAWID,2008,5652
WIKTOR,2008,5503
PIOTR,2008,5363
MACIEJ,2008,4660
PATRYK,2008,4611
MIKOŁAJ,2008,4359
IGOR,2008,4263
ADAM,2008,4140
JAN,2008,4124
DOMINIK,2008,3903
PAWEŁ,2008,3867
KAMIL,2008,3798
OSKAR,2008,3596
KRZYSZTOF,2008,3301
KAROL,2008,3223
ALEKSANDER,2008,3118
WOJCIECH,2008,3102
MARCEL,2008,3070
ANTONI,2008,3037
BARTŁOMIEJ,2008,2992
ADRIAN,2008,2986
MAKSYMILIAN,2008,2967
TOMASZ,2008,2890
OLIWIER,2008,2882
HUBERT,2008,2780
KRYSTIAN,2008,2639
ŁUKASZ,2008,2404
SEBASTIAN,2008,2395
MIŁOSZ,2008,2254
FRANCISZEK,2008,2227
ALAN,2008,2114
MARCIN,2008,1884
NIKODEM,2008,1829
DAMIAN,2008,1763
KONRAD,2008,1723
DANIEL,2008,1639
STANISŁAW,2008,1438
RAFAŁ,2008,1281
FABIAN,2008,1248
GABRIEL,2008,1158
ERYK,2008,1137
ARTUR,2008,1128
PRZEMYSŁAW,2008,1089
TYMOTEUSZ,2008,1075
GRZEGORZ,2008,1008
BŁAŻEJ,2008,956
JULIAN,2008,819
RADOSŁAW,2008,786
GRACJAN,2008,776
KUBA,2008,760
OLIVIER,2008,711
NORBERT,2008,678
OLAF,2008,674
MAREK,2008,661
ROBERT,2008,634
KSAWERY,2008,633
ARKADIUSZ,2008,625
TYMON,2008,591
ALEX,2008,584
BORYS,2008,567
CEZARY,2008,542
NATAN,2008,516
KAJETAN,2008,503
ALEKS,2008,492
IGNACY,2008,466
JACEK,2008,457
TOBIASZ,2008,454
ANDRZEJ,2008,434
EMIL,2008,430
KORNEL,2008,403
BRAJAN,2008,384
CYPRIAN,2008,368
MARIUSZ,2008,357
SEWERYN,2008,354
LEON,2008,349
OLIVER,2008,340
BRUNO,2008,333
NATANIEL,2008,313
ALEXANDER,2008,309
DORIAN,2008,303
DARIUSZ,2008,290
DAVID,2008,273
JĘDRZEJ,2008,244
REMIGIUSZ,2008,235
WITOLD,2008,234
KEVIN,2008,229
JULIUSZ,2008,214
KRYSPIN,2008,213
ALBERT,2008,201
SAMUEL,2008,199
JAROSŁAW,2008,186
MARCELI,2008,183
OSCAR,2008,181
JAKUB,2009,14701
KACPER,2009,10320
SZYMON,2009,8968
FILIP,2009,8555
MATEUSZ,2009,8456
MICHAŁ,2009,7284
BARTOSZ,2009,7198
WIKTOR,2009,5518
PIOTR,2009,5444
DAWID,2009,5296
ADAM,2009,4695
JAN,2009,4574
MACIEJ,2009,4426
IGOR,2009,4329
PATRYK,2009,4226
MIKOŁAJ,2009,4190
DOMINIK,2009,3956
OSKAR,2009,3918
PAWEŁ,2009,3827
ANTONI,2009,3686
WOJCIECH,2009,3618
ALEKSANDER,2009,3510
KAMIL,2009,3485
MARCEL,2009,3205
OLIWIER,2009,3183
KRZYSZTOF,2009,3182
KAROL,2009,3115
FRANCISZEK,2009,2982
MAKSYMILIAN,2009,2954
TOMASZ,2009,2930
HUBERT,2009,2878
BARTŁOMIEJ,2009,2661
ADRIAN,2009,2621
ALAN,2009,2605
SEBASTIAN,2009,2526
MIŁOSZ,2009,2322
KRYSTIAN,2009,2312
ŁUKASZ,2009,2124
NIKODEM,2009,2066
GABRIEL,2009,1924
MARCIN,2009,1774
STANISŁAW,2009,1735
DAMIAN,2009,1720
DANIEL,2009,1568
KONRAD,2009,1477
FABIAN,2009,1353
BŁAŻEJ,2009,1185
TYMOTEUSZ,2009,1177
RAFAŁ,2009,1172
KSAWERY,2009,1112
ARTUR,2009,1007
PRZEMYSŁAW,2009,1003
ERYK,2009,1001
GRZEGORZ,2009,997
JULIAN,2009,938
OLAF,2009,802
OLIVIER,2009,768
KUBA,2009,760
IGNACY,2009,715
GRACJAN,2009,709
BORYS,2009,704
RADOSŁAW,2009,699
ALEX,2009,679
TYMON,2009,676
NORBERT,2009,645
MAREK,2009,639
ARKADIUSZ,2009,595
ROBERT,2009,577
KAJETAN,2009,537
NATAN,2009,527
ALEKS,2009,505
TOBIASZ,2009,478
CEZARY,2009,476
KORNEL,2009,438
EMIL,2009,422
ALEXANDER,2009,408
LEON,2009,405
ANDRZEJ,2009,403
OLIVER,2009,393
JACEK,2009,392
NATANIEL,2009,389
BRUNO,2009,369
CYPRIAN,2009,358
SEWERYN,2009,343
BRAJAN,2009,326
DORIAN,2009,319
DARIUSZ,2009,296
MARIUSZ,2009,294
WITOLD,2009,291
IWO,2009,290
DAVID,2009,280
SAMUEL,2009,253
JULIUSZ,2009,245
KEVIN,2009,228
JĘDRZEJ,2009,222
ALBERT,2009,210
KRYSPIN,2009,200
NICOLAS,2009,184
REMIGIUSZ,2009,180
JERZY,2009,178
JAKUB,2010,13708
SZYMON,2010,10385
KACPER,2010,8826
FILIP,2010,8621
MICHAŁ,2010,7608
MATEUSZ,2010,7356
BARTOSZ,2010,6664
ADAM,2010,5558
WOJCIECH,2010,5505
WIKTOR,2010,5302
PIOTR,2010,5188
JAN,2010,5093
DAWID,2010,5021
MIKOŁAJ,2010,4751
IGOR,2010,4320
ALEKSANDER,2010,4212
MACIEJ,2010,4210
ANTONI,2010,4125
PATRYK,2010,3741
DOMINIK,2010,3710
OSKAR,2010,3538
PAWEŁ,2010,3480
MARCEL,2010,3389
FRANCISZEK,2010,3381
KRZYSZTOF,2010,3138
TOMASZ,2010,3051
KAMIL,2010,3008
OLIWIER,2010,3004
MAKSYMILIAN,2010,2954
KAROL,2010,2866
HUBERT,2010,2720
ALAN,2010,2525
BARTŁOMIEJ,2010,2462
MIŁOSZ,2010,2290
NIKODEM,2010,2290
SEBASTIAN,2010,2275
ADRIAN,2010,2268
ŁUKASZ,2010,1982
KRYSTIAN,2010,1965
STANISŁAW,2010,1959
GABRIEL,2010,1665
MARCIN,2010,1594
DAMIAN,2010,1450
KSAWERY,2010,1406
DANIEL,2010,1370
FABIAN,2010,1342
TYMOTEUSZ,2010,1313
KONRAD,2010,1297
BŁAŻEJ,2010,1160
JULIAN,2010,1126
BORYS,2010,1034
ARTUR,2010,992
RAFAŁ,2010,988
IGNACY,2010,933
GRZEGORZ,2010,920
PRZEMYSŁAW,2010,916
TYMON,2010,868
OLAF,2010,867
ERYK,2010,805
OLIVIER,2010,793
KUBA,2010,758
ALEX,2010,645
ROBERT,2010,627
RADOSŁAW,2010,620
MAREK,2010,594
KAJETAN,2010,593
NATAN,2010,573
GRACJAN,2010,550
NORBERT,2010,533
LEON,2010,531
ALEKS,2010,517
ARKADIUSZ,2010,510
CEZARY,2010,495
KORNEL,2010,443
TOBIASZ,2010,436
EMIL,2010,427
ANDRZEJ,2010,409
OLIVER,2010,404
NATANIEL,2010,402
BRUNO,2010,387
ALEXANDER,2010,377
JACEK,2010,365
DORIAN,2010,362
CYPRIAN,2010,340
SEWERYN,2010,316
WITOLD,2010,312
DARIUSZ,2010,295
BRAJAN,2010,284
MARIUSZ,2010,272
IWO,2010,259
JULIUSZ,2010,256
DAVID,2010,237
JĘDRZEJ,2010,236
SAMUEL,2010,228
JERZY,2010,225
KEVIN,2010,210
ALBERT,2010,196
REMIGIUSZ,2010,195
TADEUSZ,2010,179
XAVIER,2010,176
JAKUB,2011,12594
SZYMON,2011,9312
FILIP,2011,8388
KACPER,2011,7928
MICHAŁ,2011,6504
MATEUSZ,2011,6454
BARTOSZ,2011,6005
ADAM,2011,5585
JAN,2011,5453
WOJCIECH,2011,5094
PIOTR,2011,4868
WIKTOR,2011,4626
ANTONI,2011,4518
IGOR,2011,4437
ALEKSANDER,2011,4315
MIKOŁAJ,2011,4260
DAWID,2011,4220
KAROL,2011,3615
MACIEJ,2011,3545
MARCEL,2011,3366
FRANCISZEK,2011,3343
PATRYK,2011,3190
OSKAR,2011,3170
DOMINIK,2011,3162
PAWEŁ,2011,2979
KRZYSZTOF,2011,2785
TOMASZ,2011,2736
MAKSYMILIAN,2011,2722
KAMIL,2011,2720
OLIWIER,2011,2684
ALAN,2011,2644
HUBERT,2011,2376
STANISŁAW,2011,2343
BARTŁOMIEJ,2011,2254
NIKODEM,2011,2243
SEBASTIAN,2011,2179
MIŁOSZ,2011,2100
ADRIAN,2011,2003
GABRIEL,2011,1741
KRYSTIAN,2011,1735
KSAWERY,2011,1651
ŁUKASZ,2011,1576
MARCIN,2011,1369
FABIAN,2011,1345
TYMOTEUSZ,2011,1291
DAMIAN,2011,1257
JULIAN,2011,1236
DANIEL,2011,1181
BŁAŻEJ,2011,1177
BORYS,2011,1090
KONRAD,2011,1054
TYMON,2011,1054
ARTUR,2011,1034
IGNACY,2011,1034
LEON,2011,961
RAFAŁ,2011,920
PRZEMYSŁAW,2011,847
GRZEGORZ,2011,826
OLAF,2011,823
ERYK,2011,807
KUBA,2011,751
KAJETAN,2011,698
OLIVIER,2011,671
ALEX,2011,602
RADOSŁAW,2011,599
NATAN,2011,589
CEZARY,2011,552
ROBERT,2011,551
MAREK,2011,541
ALEKS,2011,511
GRACJAN,2011,472
EMIL,2011,448
TOBIASZ,2011,448
BRUNO,2011,436
ALEXANDER,2011,435
NATANIEL,2011,428
NORBERT,2011,427
ARKADIUSZ,2011,422
KORNEL,2011,420
JACEK,2011,354
ANDRZEJ,2011,340
SEWERYN,2011,332
OLIVER,2011,322
DORIAN,2011,311
WITOLD,2011,297
JĘDRZEJ,2011,268
CYPRIAN,2011,263
BRAJAN,2011,247
DAVID,2011,241
DARIUSZ,2011,237
IWO,2011,226
JERZY,2011,223
SAMUEL,2011,218
MARIUSZ,2011,215
RYSZARD,2011,215
TADEUSZ,2011,208
JULIUSZ,2011,206
ALBERT,2011,199
REMIGIUSZ,2011,174
JEREMI,2011,168
JAKUB,2012,11862
KACPER,2012,9120
FILIP,2012,8702
SZYMON,2012,8100
JAN,2012,6569
MICHAŁ,2012,6058
ANTONI,2012,5835
MATEUSZ,2012,5459
BARTOSZ,2012,5333
WOJCIECH,2012,5109
ADAM,2012,5086
PIOTR,2012,4609
ALEKSANDER,2012,4525
IGOR,2012,4394
MIKOŁAJ,2012,4390
WIKTOR,2012,4290
DAWID,2012,3916
MARCEL,2012,3742
FRANCISZEK,2012,3608
ALAN,2012,3416
MACIEJ,2012,3325
DOMINIK,2012,3091
KAROL,2012,3084
OSKAR,2012,3056
OLIWIER,2012,2844
HUBERT,2012,2678
TOMASZ,2012,2661
PATRYK,2012,2660
PAWEŁ,2012,2643
MAKSYMILIAN,2012,2621
KRZYSZTOF,2012,2589
KAMIL,2012,2517
MIŁOSZ,2012,2475
STANISŁAW,2012,2400
NIKODEM,2012,2323
SEBASTIAN,2012,1984
BARTŁOMIEJ,2012,1983
ADRIAN,2012,1764
GABRIEL,2012,1716
KRYSTIAN,2012,1598
JULIAN,2012,1546
TYMOTEUSZ,2012,1544
KSAWERY,2012,1534
FABIAN,2012,1452
LEON,2012,1429
ŁUKASZ,2012,1375
TYMON,2012,1342
IGNACY,2012,1250
BŁAŻEJ,2012,1236
MARCIN,2012,1174
BORYS,2012,1104
DAMIAN,2012,1073
DANIEL,2012,1057
ARTUR,2012,947
OLAF,2012,931
KONRAD,2012,874
KAJETAN,2012,840
RAFAŁ,2012,823
GRZEGORZ,2012,804
ERYK,2012,761
KUBA,2012,751
PRZEMYSŁAW,2012,743
OLIVIER,2012,612
CEZARY,2012,591
NATAN,2012,577
RADOSŁAW,2012,570
ROBERT,2012,526
MAREK,2012,514
ALEX,2012,504
BRUNO,2012,486
EMIL,2012,473
TOBIASZ,2012,460
GRACJAN,2012,452
KORNEL,2012,445
NATANIEL,2012,427
ARKADIUSZ,2012,408
BRAJAN,2012,400
NORBERT,2012,374
ALEXANDER,2012,370
ALEKS,2012,361
WITOLD,2012,355
ANDRZEJ,2012,329
DORIAN,2012,328
SEWERYN,2012,317
JACEK,2012,316
OLIVER,2012,271
JERZY,2012,267
IWO,2012,263
TADEUSZ,2012,240
CYPRIAN,2012,227
JULIUSZ,2012,225
JĘDRZEJ,2012,222
DAVID,2012,216
SAMUEL,2012,192
DARIUSZ,2012,189
MIESZKO,2012,181
RYSZARD,2012,180
ALBERT,2012,179
STEFAN,2012,174
KEVIN,2012,172
JAKUB,2013,10672
KACPER,2013,8449
FILIP,2013,7854
SZYMON,2013,7064
JAN,2013,6915
ANTONI,2013,6584
MICHAŁ,2013,5523
WOJCIECH,2013,5133
MATEUSZ,2013,4853
ADAM,2013,4836
FRANCISZEK,2013,4653
BARTOSZ,2013,4616
ALEKSANDER,2013,4409
PIOTR,2013,4385
MIKOŁAJ,2013,4214
IGOR,2013,3983
WIKTOR,2013,3957
MARCEL,2013,3795
DAWID,2013,3302
ALAN,2013,3119
OLIWIER,2013,2977
MACIEJ,2013,2917
OSKAR,2013,2871
KAROL,2013,2699
MAKSYMILIAN,2013,2665
TOMASZ,2013,2620
DOMINIK,2013,2611
STANISŁAW,2013,2512
MIŁOSZ,2013,2464
PAWEŁ,2013,2357
KRZYSZTOF,2013,2347
HUBERT,2013,2340
PATRYK,2013,2183
KAMIL,2013,2138
NIKODEM,2013,2107
FABIAN,2013,2027
LEON,2013,1838
BARTŁOMIEJ,2013,1836
SEBASTIAN,2013,1703
JULIAN,2013,1631
GABRIEL,2013,1499
TYMOTEUSZ,2013,1459
TYMON,2013,1373
KRYSTIAN,2013,1348
KSAWERY,2013,1346
ADRIAN,2013,1344
IGNACY,2013,1161
ŁUKASZ,2013,1116
BŁAŻEJ,2013,1092
MARCIN,2013,1044
NATAN,2013,943
DAMIAN,2013,898
KAJETAN,2013,884
DANIEL,2013,878
ARTUR,2013,827
KUBA,2013,820
BORYS,2013,806
KONRAD,2013,729
GRZEGORZ,2013,720
RAFAŁ,2013,697
PRZEMYSŁAW,2013,696
OLAF,2013,689
ERYK,2013,679
OLIVIER,2013,614
RADOSŁAW,2013,574
ROBERT,2013,504
NATANIEL,2013,467
TOBIASZ,2013,447
KORNEL,2013,445
CEZARY,2013,441
BRUNO,2013,430
MAREK,2013,415
EMIL,2013,383
ALEX,2013,375
GRACJAN,2013,363
BRAJAN,2013,356
ALEKS,2013,343
JERZY,2013,319
ALEXANDER,2013,318
WITOLD,2013,318
TADEUSZ,2013,309
ARKADIUSZ,2013,304
ANDRZEJ,2013,286
NORBERT,2013,284
MILAN,2013,264
JACEK,2013,263
DORIAN,2013,259
SEWERYN,2013,247
OLIVER,2013,238
JULIUSZ,2013,235
MIESZKO,2013,222
IWO,2013,219
STEFAN,2013,215
CYPRIAN,2013,214
JĘDRZEJ,2013,198
RYSZARD,2013,195
JÓZEF,2013,188
ALBERT,2013,181
JEREMI,2013,174
LEONARD,2013,171
JAKUB,2014,9382
KACPER,2014,7232
ANTONI,2014,7143
FILIP,2014,6903
JAN,2014,6817
SZYMON,2014,6112
FRANCISZEK,2014,5139
MICHAŁ,2014,5004
WOJCIECH,2014,4959
ALEKSANDER,2014,4896
MIKOŁAJ,2014,4787
ADAM,2014,4681
PIOTR,2014,4149
MATEUSZ,2014,3978
BARTOSZ,2014,3939
IGOR,2014,3795
WIKTOR,2014,3755
MARCEL,2014,3736
DAWID,2014,3021
STANISŁAW,2014,2798
MIŁOSZ,2014,2713
MAKSYMILIAN,2014,2712
KAROL,2014,2684
ALAN,2014,2665
OLIWIER,2014,2556
OSKAR,2014,2549
MACIEJ,2014,2514
TOMASZ,2014,2401
DOMINIK,2014,2309
NIKODEM,2014,2293
KRZYSZTOF,2014,2160
PAWEŁ,2014,2103
LEON,2014,2051
HUBERT,2014,1951
KAMIL,2014,1884
NATAN,2014,1852
FABIAN,2014,1815
PATRYK,2014,1669
BARTŁOMIEJ,2014,1634
JULIAN,2014,1573
TYMON,2014,1535
TYMOTEUSZ,2014,1531
KSAWERY,2014,1434
IGNACY,2014,1408
SEBASTIAN,2014,1403
GABRIEL,2014,1392
KRYSTIAN,2014,1126
ADRIAN,2014,1103
ŁUKASZ,2014,935
MARCIN,2014,910
BŁAŻEJ,2014,904
KAJETAN,2014,857
BORYS,2014,799
ARTUR,2014,782
DANIEL,2014,746
DAMIAN,2014,711
ERYK,2014,709
GRZEGORZ,2014,703
KUBA,2014,680
OLAF,2014,635
RAFAŁ,2014,616
KONRAD,2014,608
PRZEMYSŁAW,2014,579
NATANIEL,2014,532
RADOSŁAW,2014,519
TOBIASZ,2014,501
BRUNO,2014,488
CEZARY,2014,474
OLIVIER,2014,449
MAREK,2014,404
ROBERT,2014,400
EMIL,2014,397
WITOLD,2014,384
KORNEL,2014,368
ALEX,2014,364
ALEKS,2014,361
TADEUSZ,2014,358
GRACJAN,2014,353
JERZY,2014,348
ANDRZEJ,2014,305
ARKADIUSZ,2014,282
MILAN,2014,253
JACEK,2014,241
MIESZKO,2014,241
NORBERT,2014,241
DORIAN,2014,238
BRAJAN,2014,236
STEFAN,2014,236
IWO,2014,233
GUSTAW,2014,226
KONSTANTY,2014,219
LEONARD,2014,219
ALEXANDER,2014,214
SEWERYN,2014,214
JULIUSZ,2014,206
RYSZARD,2014,205
JÓZEF,2014,187
KAZIMIERZ,2014,184
JĘDRZEJ,2014,170
CYPRIAN,2014,166
JAKUB,2015,8730
ANTONI,2015,7988
SZYMON,2015,7553
JAN,2015,7271
FILIP,2015,6801
KACPER,2015,6479
ALEKSANDER,2015,5574
FRANCISZEK,2015,5574
MIKOŁAJ,2015,5479
WOJCIECH,2015,5469
ADAM,2015,5063
MICHAŁ,2015,4944
MARCEL,2015,3938
WIKTOR,2015,3916
PIOTR,2015,3887
IGOR,2015,3752
MATEUSZ,2015,3740
BARTOSZ,2015,3597
STANISŁAW,2015,3164
ALAN,2015,2872
NIKODEM,2015,2837
DAWID,2015,2766
MIŁOSZ,2015,2749
MAKSYMILIAN,2015,2732
LEON,2015,2723
OLIWIER,2015,2640
KAROL,2015,2574
OSKAR,2015,2517
MACIEJ,2015,2264
TOMASZ,2015,2216
NATAN,2015,2205
DOMINIK,2015,2176
KRZYSZTOF,2015,2093
TYMON,2015,2043
FABIAN,2015,1930
HUBERT,2015,1869
PAWEŁ,2015,1866
IGNACY,2015,1762
TYMOTEUSZ,2015,1726
JULIAN,2015,1685
KAMIL,2015,1649
PATRYK,2015,1533
GABRIEL,2015,1527
BARTŁOMIEJ,2015,1406
KSAWERY,2015,1397
SEBASTIAN,2015,1294
ADRIAN,2015,1049
KRYSTIAN,2015,995
KAJETAN,2015,918
OLAF,2015,868
ŁUKASZ,2015,855
BŁAŻEJ,2015,816
MARCIN,2015,815
BORYS,2015,784
ERYK,2015,762
KUBA,2015,746
ARTUR,2015,734
DANIEL,2015,681
BRUNO,2015,671
GRZEGORZ,2015,616
DAMIAN,2015,615
PRZEMYSŁAW,2015,609
RAFAŁ,2015,581
TOBIASZ,2015,549
CEZARY,2015,533
OLIVIER,2015,528
KONRAD,2015,500
EMIL,2015,485
RADOSŁAW,2015,485
NATANIEL,2015,461
ALEX,2015,452
MAREK,2015,444
ROBERT,2015,443
WITOLD,2015,423
GRACJAN,2015,421
TADEUSZ,2015,415
KORNEL,2015,408
MILAN,2015,382
JERZY,2015,353
ALEKS,2015,350
MIESZKO,2015,309
ANDRZEJ,2015,294
ARKADIUSZ,2015,290
IWO,2015,270
STEFAN,2015,269
ALEXANDER,2015,268
DORIAN,2015,265
RYSZARD,2015,265
BRAJAN,2015,262
JACEK,2015,260
LEONARD,2015,260
GUSTAW,2015,246
KAZIMIERZ,2015,225
KONSTANTY,2015,220
JULIUSZ,2015,216
JÓZEF,2015,214
NORBERT,2015,198
JEREMI,2015,190
SEWERYN,2015,187
FELIKS,2015,163
HENRYK,2015,157
TEODOR,2015,156
OLIVER,2015,149
JĘDRZEJ,2015,148
ALBERT,2015,145
SAMUEL,2015,140
CYPRIAN,2015,139
REMIGIUSZ,2015,134
DARIUSZ,2015,126
ERNEST,2015,120
FLORIAN,2015,109
LEO,2015,104
LUDWIK,2015,100
ALEKSY,2015,98
MARIUSZ,2015,94
MAKSYM,2015,91
MAURYCY,2015,90
KORDIAN,2015,89
LUCJAN,2015,88
DAVID,2015,87
FRYDERYK,2015,84
MAXIMILIAN,2015,82
TYTUS,2015,82
HUGO,2015,80
BENIAMIN,2015,78
WŁADYSŁAW,2015,76
XAVIER,2015,75
KEVIN,2015,72
NATHAN,2015,72
SZCZEPAN,2015,67
JEREMIASZ,2015,63
KSAWIER,2015,59
NICOLAS,2015,59
MAX,2015,56
SYLWESTER,2015,54
JOACHIM,2015,52
SŁAWOMIR,2015,52
SERGIUSZ,2015,47
OLGIERD,2015,46
OLIWER,2015,45
ZBIGNIEW,2015,43
AMADEUSZ,2015,42
VINCENT,2015,42
JONASZ,2015,41
ARON,2015,40
BRAYAN,2015,40
MAKS,2015,39
MARCELI,2015,39
EDWARD,2015,38
OKTAWIAN,2015,37
IVO,2015,36
KOSMA,2015,36
OLEG,2015,35
JAROSŁAW,2015,34
MIRON,2015,32
NIKOLAS,2015,31
JANUSZ,2015,30
BENJAMIN,2015,29
JONATAN,2015,29
ROMAN,2015,29
KASJAN,2015,27
LEONARDO,2015,27
VICTOR,2015,27
BERNARD,2015,26
MICHAEL,2015,26
EMILIAN,2015,24
KORNELIUSZ,2015,24
KASPIAN,2015,22
BOLESŁAW,2015,21
GNIEWKO,2015,21
OSCAR,2015,20
LESZEK,2015,19
MAXYMILIAN,2015,19
BRONISŁAW,2015,17
MARTIN,2015,17
ZYGMUNT,2015,17
AARON,2015,16
KEWIN,2015,16
WINCENTY,2015,16
DENIS,2015,15
BRIAN,2015,14
NATHANIEL,2015,14
ROCH,2015,14
ZIEMOWIT,2015,13
BRYAN,2015,12
CYRYL,2015,12
GNIEWOMIR,2015,12
LEOPOLD,2015,11
VIKTOR,2015,11
ALLAN,2015,10
ARIEL,2015,10
BOGUMIŁ,2015,10
KLEMENS,2015,9
MARIAN,2015,8
RYAN,2015,8
XAWERY,2015,8
ELIASZ,2015,7
JONATHAN,2015,7
WINCENT,2015,7
ALEK,2015,6
COLIN,2015,6
IRENEUSZ,2015,6
JACOB,2015,6
WAWRZYNIEC,2015,6
AMIR,2015,5
ANATOL,2015,5
BASTIAN,2015,5
CZESŁAW,2015,5
DIEGO,2015,5
EMANUEL,2015,5
ERWIN,2015,5
FELIX,2015,5
KASPER,2015,5
KLAUDIUSZ,2015,5
MIROSŁAW,2015,5
PHILIP,2015,5
ZENON,2015,5
ANTONI,2016,9183
JAKUB,2016,8942
SZYMON,2016,8264
JAN,2016,7584
FILIP,2016,6674
FRANCISZEK,2016,6551
MIKOŁAJ,2016,6380
ALEKSANDER,2016,6248
KACPER,2016,5995
WOJCIECH,2016,5915
ADAM,2016,5149
MICHAŁ,2016,4855
MARCEL,2016,4303
WIKTOR,2016,3944
PIOTR,2016,3749
STANISŁAW,2016,3722
BARTOSZ,2016,3478
MATEUSZ,2016,3446
IGOR,2016,3430
NIKODEM,2016,3160
ALAN,2016,3088
LEON,2016,2975
OLIWIER,2016,2827
MAKSYMILIAN,2016,2764
MIŁOSZ,2016,2714
DAWID,2016,2660
TYMON,2016,2508
OSKAR,2016,2349
KAROL,2016,2340
MACIEJ,2016,2337
TOMASZ,2016,2313
IGNACY,2016,2214
DOMINIK,2016,2191
TYMOTEUSZ,2016,2177
FABIAN,2016,2177
NATAN,2016,2070
KRZYSZTOF,2016,1917
JULIAN,2016,1851
PAWEŁ,2016,1703
HUBERT,2016,1674
GABRIEL,2016,1588
PATRYK,2016,1483
KSAWERY,2016,1420
KAMIL,2016,1349
BARTŁOMIEJ,2016,1238
SEBASTIAN,2016,1219
ADRIAN,2016,1051
OLAF,2016,980
KRYSTIAN,2016,975
KUBA,2016,848
BORYS,2016,817
KAJETAN,2016,812
BRUNO,2016,799
MARCIN,2016,777
ARTUR,2016,771
ŁUKASZ,2016,765
BŁAŻEJ,2016,725
GRZEGORZ,2016,696
ERYK,2016,691
DANIEL,2016,654
TOBIASZ,2016,625
RAFAŁ,2016,611
DAMIAN,2016,581
OLIVIER,2016,568
PRZEMYSŁAW,2016,562
ROBERT,2016,548
CEZARY,2016,520
KONRAD,2016,489
EMIL,2016,485
WITOLD,2016,475
RADOSŁAW,2016,473
TADEUSZ,2016,472
KORNEL,2016,428
JERZY,2016,421
ALEX,2016,416
MIESZKO,2016,401
MILAN,2016,394
NATANIEL,2016,382
MAREK,2016,379
ALEKS,2016,378
STEFAN,2016,347
HENRYK,2016,343
GRACJAN,2016,330
KONSTANTY,2016,319
BRAJAN,2016,307
JACEK,2016,305
RYSZARD,2016,302
ANDRZEJ,2016,302
LEONARD,2016,286
ALEXANDER,2016,281
DORIAN,2016,281
ARKADIUSZ,2016,280
GUSTAW,2016,278
KAZIMIERZ,2016,263
IWO,2016,261
JÓZEF,2016,241
JULIUSZ,2016,223
TEODOR,2016,220
JEREMI,2016,215
FELIKS,2016,210
NORBERT,2016,192
JĘDRZEJ,2016,187
SEWERYN,2016,181
SAMUEL,2016,172
CYPRIAN,2016,171
REMIGIUSZ,2016,161
LUDWIK,2016,151
OLIVER,2016,148
ALBERT,2016,148
LEO,2016,142
MAKSYM,2016,140
KORDIAN,2016,138
ERNEST,2016,132
DARIUSZ,2016,123
FLORIAN,2016,122
WŁADYSŁAW,2016,116
LUCJAN,2016,109
DAVID,2016,109
MAXIMILIAN,2016,108
JEREMIASZ,2016,106
HUGO,2016,106
FRYDERYK,2016,105
MARIUSZ,2016,105
ALEKSY,2016,104
TYTUS,2016,100
SZCZEPAN,2016,100
BENIAMIN,2016,98
MAX,2016,85
MAKS,2016,84
KEVIN,2016,84
SYLWESTER,2016,82
OSCAR,2016,80
NATHAN,2016,79
NICOLAS,2016,77
OLIWER,2016,75
MAURYCY,2016,74
XAVIER,2016,73
OKTAWIAN,2016,73
ARON,2016,70
EDWARD,2016,68
OLGIERD,2016,68
MARCELI,2016,67
BRAYAN,2016,64
KSAWIER,2016,63
KOSMA,2016,62
BENJAMIN,2016,61
SŁAWOMIR,2016,60
BERNARD,2016,56
ZIEMOWIT,2016,56
JOACHIM,2016,56
NIKOLAS,2016,55
KORNELIUSZ,2016,54
ZBIGNIEW,2016,54
JAROSŁAW,2016,52
BOLESŁAW,2016,52
ROMAN,2016,52
MARTIN,2016,51
AARON,2016,51
VICTOR,2016,50
BRUNON,2016,49
WINCENTY,2016,49
MICHAEL,2016,48
JONASZ,2016,47
DENIS,2016,47
EMILIAN,2016,45
VINCENT,2016,44
OLEG,2016,44
ANTHONY,2016,43
JONATAN,2016,43
KASJAN,2016,43
MIROSŁAW,2016,42
VIKTOR,2016,42
KASPIAN,2016,41
MIRON,2016,39
LEONARDO,2016,39
JANUSZ,2016,38
GNIEWOMIR,2016,38
IVO,2016,37
LEOPOLD,2016,36
SERGIUSZ,2016,36
LESZEK,2016,35
AMADEUSZ,2016,35
ROCH,2016,34
KEWIN,2016,34
MAXYMILIAN,2016,34
BRIAN,2016,32
EMANUEL,2016,32
BOGUSŁAW,2016,31
NATHANIEL,2016,30
BRYAN,2016,30
GNIEWKO,2016,29
ERWIN,2016,28
FELIX,2016,27
IRENEUSZ,2016,27
WIT,2016,26
BOGUMIŁ,2016,26
WILLIAM,2016,26
CZESŁAW,2016,25
JAKOB,2016,25
PHILIP,2016,25
BOGDAN,2016,24
JONATHAN,2016,24
JACOB,2016,24
KLEMENS,2016,24
ANTONIO,2016,24
NOAH,2016,24
ELIASZ,2016,23
THOMAS,2016,23
AUGUSTYN,2016,23
KRYSPIN,2016,23
ANATOL,2016,23
SAMBOR,2016,23
MAKARY,2016,22
MARIAN,2016,22
GNIEWOSZ,2016,22
BRONISŁAW,2016,22
KLAUDIUSZ,2016,22
RYAN,2016,21
ZYGMUNT,2016,21
LIAM,2016,21
COLIN,2016,21
ANTON,2016,20
LECH,2016,20
GERARD,2016,20
FRANK,2016,19
ZACHARY,2016,19
ARIEL,2016,19
NATANAEL,2016,19
RAYAN,2016,19
BENEDYKT,2016,19
FRANEK,2016,19
DOMINIC,2016,19
BASTIAN,2016,18
WINCENT,2016,18
KASPER,2016,18
MARK,2016,17
AUGUST,2016,16
MARCUS,2016,16
FELICJAN,2016,16
PATRICK,2016,15
MIECZYSŁAW,2016,15
BARTEK,2016,15
ARMIN,2016,15
PASCAL,2016,15
ARTHUR,2016,15
IAN,2016,15
XAWERY,2016,15
IWAN,2016,15
KRZESIMIR,2016,15
KAI,2016,15
TEOFIL,2016,14
HENRY,2016,14
WALDEMAR,2016,14
KAJ,2016,14
HEKTOR,2016,14
TYBERIUSZ,2016,13
EDGAR,2016,13
LEW,2016,13
OREST,2016,12
LUKAS,2016,12
ALLAN,2016,12
EDMUND,2016,12
RUBEN,2016,12
MATTEO,2016,12
LUCAS,2016,12
TEO,2016,12
NOEL,2016,12
WAWRZYNIEC,2016,11
ALEK,2016,11
LUCA,2016,11
CYRYL,2016,11
ARIAN,2016,11
MAGNUS,2016,11
WŁODZIMIERZ,2016,11
MIKE,2016,11
JOEL,2016,11
MARCO,2016,11
SIMON,2016,10
ERIC,2016,10
ANGELO,2016,10
WILHELM,2016,10
NICHOLAS,2016,10
ETHAN,2016,10
KARIM,2016,10
MARKUS,2016,10
ALEXANDRE,2016,10
ALI,2016,10
MANUEL,2016,10
JAROMIR,2016,10
IVAN,2016,10
ZENON,2016,9
TRISTAN,2016,9
LUIS,2016,9
ERIK,2016,9
JOSHUA,2016,9
FRANCESCO,2016,9
LUKA,2016,9
DIEGO,2016,9
BAZYLI,2016,9
THEO,2016,9
OMAR,2016,9
JOSEPH,2016,9
HIERONIM,2016,9
MAXIM,2016,9
TOBIAS,2016,9
RADZIMIR,2016,8
LESŁAW,2016,8
MILO,2016,8
ELIAS,2016,8
WIESŁAW,2016,8
AMIR,2016,8
LOUIS,2016,8
EDWIN,2016,8
RADOMIR,2016,8
IBRAHIM,2016,8
OLEK,2016,8
DOBROMIR,2016,8
TYCJAN,2016,8
PAUL,2016,8
JAREMA,2016,8
WOJTEK,2016,8
NIKO,2016,8
DACJAN,2016,7
JANEK,2016,7
FIODOR,2016,7
JAMES,2016,7
BEN,2016,7
LUBOMIR,2016,7
ROLAND,2016,7
MATTHEW,2016,7
RAGNAR,2016,7
OKTAWIUSZ,2016,7
SANTIAGO,2016,7
NICO,2016,7
ALESSANDRO,2016,7
DIONIZY,2016,7
GROMOSŁAW,2016,7
ANTEK,2016,7
MAXIMILLIAN,2016,6
ANDREAS,2016,6
ZDZISŁAW,2016,6
PHILIPP,2016,6
CHRISTOPHER,2016,6
BOGUSZ,2016,6
GASPAR,2016,6
JONAS,2016,6
BALTAZAR,2016,6
GERALD,2016,6
TIMO,2016,6
MARSEL,2016,6
CHARLES,2016,6
CASPER,2016,6
NOE,2016,6
SERAFIN,2016,6
DENIZ,2016,6
THÉO,2016,6
SAMIR,2016,6
KRISTIAN,2016,6
EMMANUEL,2016,6
MAXYM,2016,5
ARTEM,2016,5
KILIAN,2016,5
MATEO,2016,5
GIOVANNI,2016,5
LEONIDAS,2016,5
IZAJASZ,2016,5
MARKO,2016,5
TIAGO,2016,5
AXEL,2016,5
ANTONY,2016,5
FABIO,2016,5
MATT,2016,5
TOMAS,2016,5
NIKOS,2016,5
ANTOINE,2016,5
AIDEN,2016,5
AURELIUSZ,2016,5
JOHN,2016,5
HUGON,2016,5
RAJAN,2016,5
CHRISTIAN,2016,5
STANLEY,2016,5
DYLAN,2016,5
ROBIN,2016,5
ZACHARIASZ,2016,5
JASON,2016,5
RAFAEL,2016,5
AMBROŻY,2016,5
DAVIDE,2016,5
IZAAK,2016,5
MASON,2016,5
XAWIER,2016,5
HERBERT,2016,5
ENZO,2016,5
TOM,2016,5
MATTHIAS,2016,5
ANTONI,2017,9794
JAKUB,2017,9099
JAN,2017,8546
SZYMON,2017,8131
FRANCISZEK,2017,6956
FILIP,2017,6923
ALEKSANDER,2017,6815
MIKOŁAJ,2017,6479
WOJCIECH,2017,6303
KACPER,2017,5913
ADAM,2017,5297
MICHAŁ,2017,4949
MARCEL,2017,4584
STANISŁAW,2017,4266
WIKTOR,2017,4173
PIOTR,2017,4016
IGOR,2017,3777
LEON,2017,3454
NIKODEM,2017,3437
MATEUSZ,2017,3422
BARTOSZ,2017,3225
MAKSYMILIAN,2017,3045
MIŁOSZ,2017,3028
TYMON,2017,3028
OLIWIER,2017,2919
ALAN,2017,2908
IGNACY,2017,2856
TYMOTEUSZ,2017,2719
OSKAR,2017,2631
DAWID,2017,2512
TOMASZ,2017,2302
DOMINIK,2017,2279
KAROL,2017,2273
KRZYSZTOF,2017,2200
MACIEJ,2017,2178
JULIAN,2017,2171
FABIAN,2017,2088
HUBERT,2017,1919
NATAN,2017,1900
GABRIEL,2017,1795
PAWEŁ,2017,1691
PATRYK,2017,1533
KSAWERY,2017,1486
KAMIL,2017,1457
BARTŁOMIEJ,2017,1365
BRUNO,2017,1188
SEBASTIAN,2017,1092
KRYSTIAN,2017,1011
BORYS,2017,1004
OLAF,2017,988
ADRIAN,2017,957
KAJETAN,2017,939
KUBA,2017,917
ARTUR,2017,820
GRZEGORZ,2017,788
MARCIN,2017,756
BŁAŻEJ,2017,731
ERYK,2017,705
DANIEL,2017,685
ŁUKASZ,2017,681
CEZARY,2017,667
TADEUSZ,2017,610
DAMIAN,2017,609
TOBIASZ,2017,592
WITOLD,2017,583
RAFAŁ,2017,560
ROBERT,2017,559
PRZEMYSŁAW,2017,526
KORNEL,2017,516
RADOSŁAW,2017,471
OLIVIER,2017,465
KONRAD,2017,460
EMIL,2017,455
MIESZKO,2017,453
JERZY,2017,450
MILAN,2017,398
HENRYK,2017,394
NATANIEL,2017,392
MAREK,2017,387
STEFAN,2017,372
ALEX,2017,359
KAZIMIERZ,2017,346
JÓZEF,2017,343
GUSTAW,2017,328
GRACJAN,2017,324
RYSZARD,2017,321
KONSTANTY,2017,320
ANDRZEJ,2017,319
ALEKS,2017,318
ARKADIUSZ,2017,316
DORIAN,2017,302
LEONARD,2017,299
BRAJAN,2017,298
TEODOR,2017,286
ALEXANDER,2017,279
JULIUSZ,2017,275
IWO,2017,274
JACEK,2017,273
JEREMI,2017,256
JĘDRZEJ,2017,248
REMIGIUSZ,2017,231
FELIKS,2017,223
ALBERT,2017,204
NORBERT,2017,195
KORDIAN,2017,193
SEWERYN,2017,183
SAMUEL,2017,174
OLIVER,2017,172
LUDWIK,2017,167
LEO,2017,163
FLORIAN,2017,145
MAKSYM,2017,145
CYPRIAN,2017,144
WŁADYSŁAW,2017,143
DARIUSZ,2017,137
HUGO,2017,131
JEREMIASZ,2017,131
LUCJAN,2017,127
ERNEST,2017,121
MAXIMILIAN,2017,117
MARIUSZ,2017,113
MAURYCY,2017,109
BENIAMIN,2017,107
SZCZEPAN,2017,100
ALEKSY,2017,97
FRYDERYK,2017,92
ARON,2017,91
TYTUS,2017,91
MARCELI,2017,90
OLGIERD,2017,88
BRUNON,2017,86
KEVIN,2017,86
MAKS,2017,85
ROMAN,2017,81
EDWARD,2017,80
ZBIGNIEW,2017,79
SŁAWOMIR,2017,75
DAVID,2017,74
NATHAN,2017,73
SYLWESTER,2017,73
OKTAWIAN,2017,72
OSCAR,2017,70
MARTIN,2017,67
BRAYAN,2017,66
JONATAN,2017,65
NIKOLAS,2017,65
OLIWER,2017,65
MAX,2017,63
KASJAN,2017,61
KOSMA,2017,60
KSAWIER,2017,60
MIRON,2017,59
VICTOR,2017,58
DENIS,2017,57
GNIEWOMIR,2017,55
EMILIAN,2017,54
NICOLAS,2017,54
BENJAMIN,2017,52
BERNARD,2017,52
JOACHIM,2017,50
ZIEMOWIT,2017,50
XAVIER,2017,49
OLEG,2017,47
JONASZ,2017,46
VINCENT,2017,46
JAROSŁAW,2017,44
BOGUSŁAW,2017,42
KASPIAN,2017,41
AARON,2017,40
IVO,2017,40
ROCH,2017,40
WIT,2017,40
JANUSZ,2017,39
LESZEK,2017,39
MIROSŁAW,2017,39
SERGIUSZ,2017,39
LEOPOLD,2017,38
WINCENTY,2017,38
AMADEUSZ,2017,37
BOLESŁAW,2017,37
BOGDAN,2017,36
VIKTOR,2017,36
JACOB,2017,35
KORNELIUSZ,2017,35
MARK,2017,35
KASPER,2017,33
ANTHONY,2017,32
GNIEWKO,2017,32
LEONARDO,2017,32
CZESŁAW,2017,30
BENEDYKT,2017,29
EMANUEL,2017,29
BOGUMIŁ,2017,28
IRENEUSZ,2017,28
MICHAEL,2017,28
KLEMENS,2017,27
LUCAS,2017,26
ELIASZ,2017,25
LIAM,2017,25
KEWIN,2017,24
KRZESIMIR,2017,24
NOAH,2017,24
ZACHARY,2017,24
EDMUND,2017,23
LUKAS,2017,23
MARIAN,2017,23
ZYGMUNT,2017,23
FRANK,2017,22
GNIEWOSZ,2017,22
KRYSPIN,2017,22
THOMAS,2017,22
WINCENT,2017,22
BRONISŁAW,2017,21
ERWIN,2017,21
ANTONIO,2017,20
BASTIAN,2017,20
BRYAN,2017,20
OLEK,2017,20
RADZIMIR,2017,20
CYRYL,2017,19
FELIX,2017,19
XAWERY,2017,19
BARTEK,2017,18
FRANEK,2017,18
GERARD,2017,18
IWAN,2017,18
KLAUDIUSZ,2017,18
LEW,2017,18
MAXYMILIAN,2017,18
MIECZYSŁAW,2017,18
COLIN,2017,17
NATHANIEL,2017,17
ZACHARIASZ,2017,17
ANTEK,2017,16
FELICJAN,2017,16
OREST,2017,16
SAMBOR,2017,16
EDGAR,2017,15
ERIK,2017,15
JONATHAN,2017,15
RADOMIR,2017,15
ANATOL,2017,14
ARIAN,2017,14
BAZYLI,2017,14
DIEGO,2017,14
DOMINIC,2017,14
DYLAN,2017,14
HEKTOR,2017,14
LECH,2017,14
LUIS,2017,14
MARKUS,2017,14
NOEL,2017,14
TEO,2017,14
TOBIAS,2017,14
WILLIAM,2017,14
AUGUST,2017,13
AUGUSTYN,2017,13
ELIAS,2017,13
HENRY,2017,13
JOEL,2017,13
LOUIS,2017,13
LUCA,2017,13
MANUEL,2017,13
MIKE,2017,13
NOE,2017,13
PATRICK,2017,13
PHILIP,2017,13
ARIEL,2017,12
CHRISTIAN,2017,12
ETHAN,2017,12
KAI,2017,12
NICHOLAS,2017,12
SIMON,2017,12
WALDEMAR,2017,12
WOJTEK,2017,12
ANTON,2017,11
ARMIN,2017,11
CASPER,2017,11
DOBROMIR,2017,11
HIERONIM,2017,11
KAJ,2017,11
MATTHEW,2017,11
TRISTAN,2017,11
WŁODZIMIERZ,2017,11
ZENON,2017,11
ERIC,2017,10
IAN,2017,10
ITAN,2017,10
IVAN,2017,10
JAKOB,2017,10
JAMES,2017,10
JAROMIR,2017,10
MAKARY,2017,10
MATEO,2017,10
NICO,2017,10
PAUL,2017,10
PHILIPP,2017,10
RAYAN,2017,10
RYAN,2017,10
ARTHUR,2017,9
BRAIAN,2017,9
BRIAN,2017,9
FRANCESCO,2017,9
GUSTAV,2017,9
PETER,2017,9
TOMAS,2017,9
TYBERIUSZ,2017,9
ALEK,2017,8
BEN,2017,8
DIONIZY,2017,8
EDWIN,2017,8
FABIO,2017,8
IZAAK,2017,8
JORDAN,2017,8
LOGAN,2017,8
LORENZO,2017,8
MARCO,2017,8
MARKO,2017,8
MIKOLAJ,2017,8
MILO,2017,8
NAZAR,2017,8
PASCAL,2017,8
RAFAEL,2017,8
RUBEN,2017,8
SANTIAGO,2017,8
SASZA,2017,8
THEO,2017,8
TYCJAN,2017,8
WILHELM,2017,8
YUSUF,2017,8
ALESSANDRO,2017,7
ALEXANDRE,2017,7
AMIR,2017,7
ARTEM,2017,7
CARLOS,2017,7
DACJAN,2017,7
EMIR,2017,7
EUGENIUSZ,2017,7
HARRY,2017,7
JASON,2017,7
KRISTIAN,2017,7
MATTEO,2017,7
MAXIM,2017,7
MUHAMMAD,2017,7
ROLAND,2017,7
STANISLAW,2017,7
SYRIUSZ,2017,7
TEOFIL,2017,7
TIMUR,2017,7
WALTER,2017,7
ALI,2017,6
ALLAN,2017,6
ANTOINE,2017,6
AURELIUSZ,2017,6
AXEL,2017,6
BALTAZAR,2017,6
CHARLIE,2017,6
DAJAN,2017,6
DYMITR,2017,6
EMMANUEL,2017,6
HORACY,2017,6
JAREMA,2017,6
JOHN,2017,6
KARIM,2017,6
LIONEL,2017,6
LUBOMIR,2017,6
MASON,2017,6
MICHAL,2017,6
NIKO,2017,6
NIKOS,2017,6
SAMIR,2017,6
TIMOTHY,2017,6
VALENTINO,2017,6
WIESŁAW,2017,6
YASIN,2017,6
ZDZISŁAW,2017,6
ALESSIO,2017,5
ALWIN,2017,5
ARTEMIUSZ,2017,5
DANYLO,2017,5
DENNIS,2017,5
GAWEŁ,2017,5
GEORGE,2017,5
GERALD,2017,5
HERBERT,2017,5
JUSTIN,2017,5
KSAVIER,2017,5
MARCUS,2017,5
NATANAEL,2017,5
NIKOLAJ,2017,5
OLEKSANDR,2017,5
OLLIE,2017,5
OTTO,2017,5
SERAFIN,2017,5
TIAGO,2017,5
TOM,2017,5
VITO,2017,5
WAWRZYNIEC,2017,5
ABRAHAM,2017,4
AKSEL,2017,4
ALEKSANDR,2017,4
ANDY,2017,4
ANGELO,2017,4
BRANDON,2017,4
CHRISTOPHER,2017,4
DAMIR,2017,4
DMYTRO,2017,4
ELIOT,2017,4
EVAN,2017,4
FREDERICK,2017,4
IBRAHIM,2017,4
JANEK,2017,4
JEREMY,2017,4
JONAS,2017,4
JOSHUA,2017,4
KILIAN,2017,4
LESŁAW,2017,4
LUCJUSZ,2017,4
LUDWIG,2017,4
MAGNUS,2017,4
MAKSIM,2017,4
MATTHIAS,2017,4
MERT,2017,4
MINH,2017,4
MIROSLAV,2017,4
NIKITA,2017,4
NOLAN,2017,4
OKTAWIUSZ,2017,4
RAGNAR,2017,4
RAPHAEL,2017,4
RICHARD,2017,4
STANLEY,2017,4
THEODOR,2017,4
WALENTY,2017,4
YANN,2017,4
YASSIN,2017,4
YOUSSEF,2017,4
ABDUL,2017,3
ALFRED,2017,3
AMBROŻY,2017,3
AMIN,2017,3
ANTONY,2017,3
APOLONIUSZ,2017,3
ARMANDO,2017,3
BOGUSZ,2017,3
BORIS,2017,3
BOŻYDAR,2017,3
CHRYSTIAN,2017,3
DANIIL,2017,3
DASTIN,2017,3
DONATAN,2017,3
ELI,2017,3
ENZO,2017,3
FINN,2017,3
FRANCIS,2017,3
FRANCISCO,2017,3
GAEL,2017,3
GASPAR,2017,3
GILBERT,2017,3
GIOVANNI,2017,3
GLEB,2017,3
HARRISON,2017,3
HENRIK,2017,3
ILIAN,2017,3
ILIAS,2017,3
JACK,2017,3
JANUARY,2017,3
JASPER,2017,3
JOSEF,2017,3
JOSEPH,2017,3
JOZEF,2017,3
JUAN,2017,3
KARL,2017,3
KONSTANTIN,2017,3
KONSTANTYN,2017,3
LARS,2017,3
LÉON,2017,3
LUKA,2017,3
LUKE,2017,3
MACIEK,2017,3
MARCJAN,2017,3
MASSIMO,2017,3
MATTI,2017,3
MATVII,2017,3
MATVIY,2017,3
MAXIME,2017,3
MAXIMUS,2017,3
MAXYM,2017,3
MIGUEL,2017,3
MIKAEL,2017,3
MIKKO,2017,3
MIŁOSŁAW,2017,3
MLADEN,2017,3
MOHAMED,2017,3
NADIR,2017,3
NIKOLAI,2017,3
NINO,2017,3
OMAR,2017,3
PABLO,2017,3
PHILLIP,2017,3
ROMEO,2017,3
ROMUALD,2017,3
SAIMON,2017,3
SAMI,2017,3
SANTINO,2017,3
SASHA,2017,3
SEAN,2017,3
SERGIO,2017,3
SIEMOWIT,2017,3
STANISLAV,2017,3
TEOMAN,2017,3
THIAGO,2017,3
TIM,2017,3
TIMO,2017,3
TIMON,2017,3
TOMIR,2017,3
WITOSŁAW,2017,3
YAN,2017,3
YAQOOB,2017,3
AARYAN,2017,2
ALBIN,2017,2
ALEHANDRO,2017,2
ALEJANDRO,2017,2
ALEXANDROS,2017,2
ALWARO,2017,2
ALYAN,2017,2
AMMAR,2017,2
ANASTAZY,2017,2
ANDREAS,2017,2
ANDRIJ,2017,2
ANGEL,2017,2
ARAM,2017,2
AREK,2017,2
ARMANI,2017,2
ARNOLD,2017,2
ARSEN,2017,2
ARSENIUSZ,2017,2
ARYAN,2017,2
ASAN,2017,2
AYAN,2017,2
BARNABA,2017,2
BARTLOMIEJ,2017,2
BENEDIKT,2017,2
CELESTYN,2017,2
CHARBEL,2017,2
CHARLES,2017,2
CHRIS,2017,2
CILLIAN,2017,2
COLLIN,2017,2
CRISTIAN,2017,2
CRISTIANO,2017,2
DAGMAR,2017,2
DANIYAL,2017,2
DAVIDE,2017,2
DENIZ,2017,2
DEXTER,2017,2
DOV,2017,2
DUSZAN,2017,2
EDOARDO,2017,2
ELIAN,2017,2
ELVIS,2017,2
ERTUĞRUL,2017,2
FABIEN,2017,2
FILIPPO,2017,2
FILIPPOS,2017,2
FRANCK,2017,2
FREDERIK,2017,2
GERALT,2017,2
GORDON,2017,2
GÖKTÜRK,2017,2
HAROUN,2017,2
HIPOLIT,2017,2
IDRIS,2017,2
IDZI,2017,2
IGNACIO,2017,2
IGNAZIO,2017,2
ILIA,2017,2
ILLIA,2017,2
ILYAS,2017,2
ISAAC,2017,2
JAMIE,2017,2
JEAN,2017,2
JOVAN,2017,2
JURIJ,2017,2
JUSTYN,2017,2
JUSUF,2017,2
KALEB,2017,2
KIAN,2017,2
KIRIL,2017,2
KLIMEK,2017,2
KOLIN,2017,2
KSAVERY,2017,2
KUZEY,2017,2
LATINO,2017,2
LEANDRO,2017,2
LENNY,2017,2
LEONID,2017,2
LEONIDAS,2017,2
LEV,2017,2
LÉO,2017,2
LIVIO,2017,2
MAJKEL,2017,2
MALEK,2017,2
MANSUR,2017,2
MARCELIN,2017,2
MARCELO,2017,2
MARLEY,2017,2
MATHIAS,2017,2
MAXIMILLIAN,2017,2
MEHMET,2017,2
MICAH,2017,2
MICHELE,2017,2
MILOSZ,2017,2
MINH DUC,2017,2
MOHAMMAD,2017,2
MOHAMMED,2017,2
MUHAMMED,2017,2
MYKHAILO,2017,2
NESTOR,2017,2
NICODEM,2017,2
NIZAR,2017,2
ONUFRY,2017,2
OWEN,2017,2
ÖMER,2017,2
PATRIK,2017,2
PEDRO,2017,2
PHILIPPE,2017,2
PIETRO,2017,2
PIO,2017,2
PLATON,2017,2
QUANG ANH,2017,2
QUENTIN,2017,2
QUOC,2017,2
RAJMUND,2017,2
RAMI,2017,2
RAPHAËL,2017,2
REMI,2017,2
ROBIN,2017,2
ROGER,2017,2
SALWADOR,2017,2
SCOTT,2017,2
SEBASTIANO,2017,2
SELIM,2017,2
SERHII,2017,2
SIMONE,2017,2
SŁAWOSZ,2017,2
SPENCER,2017,2
STAN,2017,2
SYMEON,2017,2
TADEUS,2017,2
THEODORE,2017,2
THEODOROS,2017,2
TOMÁS,2017,2
TOMEK,2017,2
TOMIŁ,2017,2
TOMMY,2017,2
TONY,2017,2
URIEL,2017,2
USTYM,2017,2
VITTORIO,2017,2
WADIM,2017,2
WINICJUSZ,2017,2
XAWIER,2017,2
YONATAN,2017,2
YOUSEF,2017,2
ZACHAR,2017,2
ZACK,2017,2
ZBYSZKO,2017,2
ZLATAN,2017,2
ZORIAN,2017,2
Antoni,2018,4612
Jakub,2018,4444
Jan,2018,4084
Szymon,2018,3991
Aleksander,2018,3715
Franciszek,2018,3452
Filip,2018,3023
Wojciech,2018,2947
Mikołaj,2018,2906
Kacper,2018,2757
Adam,2018,2422
Stanisław,2018,2310
Marcel,2018,2279
Michał,2018,2247
Wiktor,2018,1958
Piotr,2018,1830
Leon,2018,1750
Igor,2018,1694
Nikodem,2018,1636
Ignacy,2018,1575
Tymon,2018,1552
Mateusz,2018,1478
Miłosz,2018,1468
Maksymilian,2018,1408
Tymoteusz,2018,1391
Bartosz,2018,1387
Oliwier,2018,1367
Alan,2018,1257
Oskar,2018,1230
Krzysztof,2018,1087
Dawid,2018,1052
Tomasz,2018,1033
Karol,2018,1015
Julian,2018,1003
Dominik,2018,956
Maciej,2018,946
Gabriel,2018,889
Hubert,2018,869
Paweł,2018,836
Fabian,2018,807
Natan,2018,739
Ksawery,2018,719
Kamil,2018,697
Bruno,2018,601
Bartłomiej,2018,561
Patryk,2018,543
Borys,2018,531
Kajetan,2018,489
Artur,2018,463
Krystian,2018,452
Adrian,2018,443
Olaf,2018,434
Kuba,2018,408
Sebastian,2018,402
Cezary,2018,365
Eryk,2018,358
Błażej,2018,341
Grzegorz,2018,340
Łukasz,2018,327
Daniel,2018,325
Marcin,2018,318
Tadeusz,2018,308
Witold,2018,287
Damian,2018,273
Rafał,2018,265
Robert,2018,258
Henryk,2018,256
Tobiasz,2018,256
Jerzy,2018,240
Józef,2018,238
Radosław,2018,229
Przemysław,2018,222
Kornel,2018,222
Stefan,2018,213
Milan,2018,209
Kazimierz,2018,203
Mieszko,2018,201
Emil,2018,201
Leonard,2018,193
Olivier,2018,187
Konrad,2018,179
Konstanty,2018,178
Arkadiusz,2018,178
Nataniel,2018,176
Marek,2018,165
Gustaw,2018,161
Feliks,2018,156
Teodor,2018,153
Aleks,2018,152
Ryszard,2018,152
Alex,2018,138
Juliusz,2018,126
Andrzej,2018,125
Jeremi,2018,124
Gracjan,2018,113
Dorian,2018,108
Jacek,2018,106
Iwo,2018,100
Remigiusz,2018,98
Ludwik,2018,94
Norbert,2018,93
Florian,2018,92
Alexander,2018,91
Brajan,2018,89
Jędrzej,2018,88
Kordian,2018,82
Samuel,2018,82
Seweryn,2018,77
Beniamin,2018,77
Albert,2018,77
Leo,2018,77
Władysław,2018,73
Maksym,2018,72
Cyprian,2018,68
Lucjan,2018,67
Ernest,2018,64
Jeremiasz,2018,63
Oliver,2018,60
Hugo,2018,60
Olgierd,2018,56
Tytus,2018,55
Dariusz,2018,54
Szczepan,2018,53
Marceli,2018,50
Maks,2018,50
Fryderyk,2018,49
Edward,2018,48
Aleksy,2018,47
Maurycy,2018,45
Mariusz,2018,42
Aron,2018,42
Oktawian,2018,39
Sławomir,2018,38
Sylwester,2018,36
David,2018,34
Maximilian,2018,34
Brunon,2018,34
Zbigniew,2018,33
Oliwer,2018,33
Roman,2018,31
Jonasz,2018,31
Ziemowit,2018,31
Mark,2018,30
Bolesław,2018,29
Kosma,2018,28
Jarosław,2018,28
Oleg,2018,27
Jonatan,2018,26
Max,2018,26
Kaspian,2018,26
Nicolas,2018,26
Joachim,2018,25
Denis,2018,25
Amadeusz,2018,24
Kasjan,2018,24
Janusz,2018,23
Vincent,2018,23
Roch,2018,23
Mirosław,2018,22
Ksawier,2018,22
Sergiusz,2018,22
Bogdan,2018,21
Gniewko,2018,20
Gniewomir,2018,20
Kevin,2018,20
Korneliusz,2018,20
Wincenty,2018,20
Brayan,2018,19
Bernard,2018,19
Emilian,2018,19
Victor,2018,19
Miron,2018,19
Emanuel,2018,18
Leopold,2018,18
Aaron,2018,17
Mieczysław,2018,17
Benjamin,2018,16
Zygmunt,2018,16
Nikolas,2018,16
Martin,2018,16
Bogumił,2018,15
Leszek,2018,15
Nathan,2018,15
Wincent,2018,14
Oscar,2018,14
Eliasz,2018,14
Kryspin,2018,14
Xavier,2018,14
Klemens,2018,13
Nathaniel,2018,13
Viktor,2018,13
Ivo,2018,13
Bronisław,2018,12
Leonardo,2018,12
Ireneusz,2018,12
Czesław,2018,12
Marian,2018,12
Benedykt,2018,11
Krzesimir,2018,11
Zachary,2018,11
Kasper,2018,10
Wit,2018,10
Ariel,2018,10
Alek,2018,10
Michael,2018,10
Edgar,2018,10
Erwin,2018,10
Timur,2018,10
Liam,2018,10
Anatol,2018,10
Augustyn,2018,10
Bogusław,2018,10
Diego,2018,9
Ivan,2018,9
Kai,2018,9
Maxymilian,2018,9
Henry,2018,9
Franek,2018,9
Noel,2018,9
Zachariasz,2018,8
Tyberiusz,2018,8
Teofil,2018,8
Armin,2018,8
Erik,2018,8
Marco,2018,8
Matteo,2018,8
Lucas,2018,8
Kewin,2018,8
Waldemar,2018,8
Anthony,2018,8
Felix,2018,8
Frank,2018,7
Lew,2018,7
Ethan,2018,7
Jakob,2018,7
Rayan,2018,7
Bastian,2018,7
Philip,2018,7
Santiago,2018,7
Antek,2018,7
August,2018,7
William,2018,7
Cyryl,2018,7
Marcus,2018,7
Theo,2018,7
Thomas,2018,7
Zenon,2018,7
Antonio,2018,7
Jaromir,2018,7
Gniewosz,2018,7
Włodzimierz,2018,7
Sambor,2018,6
Nolan,2018,6
Orest,2018,6
Radzimir,2018,6
Klaudiusz,2018,6
Dobromir,2018,6
Nazar,2018,6
Louis,2018,6
Bazyli,2018,6
Luis,2018,6
Oleksandr,2018,6
Nikita,2018,6
Artem,2018,6
Bartek,2018,6
Hieronim,2018,6
Teo,2018,6
Dominic,2018,6
Itan,2018,5
Joseph,2018,5
Tobias,2018,5
Syriusz,2018,5
Maksim,2018,5
Anton,2018,5
Dylan,2018,5
Miguel,2018,5
Hektor,2018,5
Luka,2018,5
Lukas,2018,5
Colin,2018,5
Pascal,2018,5
Jacob,2018,5
Noah,2018,5
Milo,2018,5
Roland,2018,5
Allan,2018,5
Horacy,2018,5
Serafin,2018,5
Vladyslav,2018,5
Damir,2018,5
Arthur,2018,5
Tycjan,2018,5
Muhammad,2018,5
Markus,2018,5
Eugeniusz,2018,5
James,2018,4
Barnaba,2018,4
Stanislav,2018,4
Robin,2018,4
Eric,2018,4
Simon,2018,4
Wawrzyniec,2018,4
Axel,2018,4
Amir,2018,4
Antony,2018,4
Mykhailo,2018,4
Leonidas,2018,4
Marcello,2018,4
Marko,2018,4
Dionizy,2018,4
Daniil,2018,4
Francis,2018,4
Matvij,2018,4
Theodore,2018,4
Dacjan,2018,4
Patrick,2018,4
Edmund,2018,4
Ali,2018,4
Lech,2018,4
Ian,2018,4
Gilbert,2018,4
Vito,2018,4
Davyd,2018,4
Logan,2018,4
Makary,2018,4
Lubomir,2018,4
Yasin,2018,4
Maxim,2018,4
Bohdan,2018,4
Iwan,2018,4
Dymitr,2018,4
Olek,2018,4
Magnus,2018,4
Brian,2018,4
Platon,2018,3
Ruben,2018,3
Tiago,2018,3
Mateo,2018,3
Alessandro,2018,3
Oleksii,2018,3
Felicjan,2018,3
Konstantyn,2018,3
Radomir,2018,3
Jordan,2018,3
Lorenzo,2018,3
Roger,2018,3
Bryan,2018,3
Arnold,2018,3
Denys,2018,3
Bogusz,2018,3
Malik,2018,3
Sasza,2018,3
Kaj,2018,3
Nicholas,2018,3
Vitali,2018,3
Joshua,2018,3
Christian,2018,3
Rajmund,2018,3
Matvii,2018,3
Ambroży,2018,3
Witalij,2018,3
Mario,2018,3
Ksavier,2018,3
Joel,2018,3
Samir,2018,3
Noe,2018,3
Lesław,2018,3
Aleksandr,2018,3
Mikolaj,2018,3
Jayden,2018,3
Theodor,2018,3
Stanislaw,2018,3
Ryan,2018,3
Euzebiusz,2018,3
Manuel,2018,2
Miroslav,2018,2
Aureliusz,2018,2
Ismael,2018,2
Zahar,2018,2
Mykola,2018,2
Rodrigo,2018,2
Gleb,2018,2
Maxime,2018,2
Christopher,2018,2
Kirill,2018,2
Ibrahim,2018,2
Lev,2018,2
Matvey,2018,2
Enes,2018,2
Xawery,2018,2
Andrii,2018,2
Tomas,2018,2
Conan,2018,2
Ezel,2018,2
Aris,2018,2
Arian,2018,2
Mike,2018,2
Finn,2018,2
Yaroslav,2018,2
Asher,2018,2
Aleksej,2018,2
Franko,2018,2
Ben,2018,2
Jasper,2018,2
Dagmar,2018,2
Brandon,2018,2
Atanazy,2018,2
Aidan,2018,2
Sven,2018,2
Kostiantyn,2018,2
Yuvaan,2018,2
Tim,2018,2
Dmytro,2018,2
Alen,2018,2
Timon,2018,2
Tom,2018,2
Roberto,2018,2
Jarema,2018,2
Ksavery,2018,2
Goran,2018,2
Lucjusz,2018,2
Miroslaw,2018,2
Tristan,2018,2
Romuald,2018,2
Tymur,2018,2
Kenzo,2018,2
Serhii,2018,2
Mergen,2018,2
Otto,2018,2
Théo,2018,2
Natanel,2018,2
Sam,2018,2
Miłosław,2018,2
Esteban,2018,2
Ilya,2018,2
Alexy,2018,2
Niko,2018,2
Dexter,2018,2
Fabio,2018,2
Richard,2018,2
Wadim,2018,2
Angelo,2018,2
Ostap,2018,2
Zac,2018,2
Matthias,2018,2
Bjorn,2018,2
Emir,2018,2
Juda,2018,2
Cristian,2018,2
Jack,2018,2
Aryan,2018,2
Tuan Kiet,2018,2
Francesco,2018,2
Kostek,2018,2
Sobiesław,2018,2
Akim,2018,2
January,2018,2
Harun,2018,2
Caspian,2018,2
Pablo,2018,2
Rudra,2018,2
Yassin,2018,2
Andrij,2018,2
Leonid,2018,2
Ilian,2018,2
Gerard,2018,2
Danylo,2018,2
Amin,2018,2
Andrei,2018,2
Zdzisław,2018,2
Lenart,2018,2
Pavlo,2018,2
Nico,2018,2
Matviy,2018,2
Wilhelm,2018,2
Wiesław,2018,2
Xavery,2018,2
Emmanuel,2018,2
Aksel,2018,2
Levi,2018,2
Jonas,2018,2
Czarek,2018,2
Ragnar,2018,2
Makar,2018,2
Matthew,2018,2
Modest,2018,2
Zack,2018,2
Demjan,2018,2
Massimo,2018,2
Josef,2018,2
Czcibor,2018,2
Francisco,2018,2
Antoniusz,2018,2
Melchior,2018,2
Wojtek,2018,2
