"",,rok,,liczba,,rok,,liczba
"",imię,urodze,płeć,wystąpień,imię,urodzen,płeć,wystąpień
JULIA,,2005,2,14192,JAKUB,2005,1,15803
WIKTORIA,,2005,2,11578,KACPER,2005,1,12509
NATALIA,,2005,2,9677,MATEUSZ,2005,1,9933
ALEKSANDRA,,2005,2,8691,MICHAŁ,2005,1,6683
OLIWIA,,2005,2,8588,SZYMON,2005,1,6167
ZUZANNA,,2005,2,6588,BARTOSZ,2005,1,5531
MARTYNA,,2005,2,5936,DAWID,2005,1,5500
WERONIKA,,2005,2,5732,KAMIL,2005,1,5264
KAROLINA,,2005,2,5398,MACIEJ,2005,1,4813
AMELIA,,2005,2,4803,PIOTR,2005,1,4654
MAJA,,2005,2,4580,PAWEŁ,2005,1,4539
PATRYCJA,,2005,2,3809,PATRYK,2005,1,4413
ANNA,,2005,2,3791,FILIP,2005,1,4374
KINGA,,2005,2,3767,MIKOŁAJ,2005,1,3907
KLAUDIA,,2005,2,3594,KAROL,2005,1,3896
MAGDALENA,,2005,2,3499,DOMINIK,2005,1,3633
NIKOLA,,2005,2,3423,WIKTOR,2005,1,3587
EMILIA,,2005,2,3316,JAN,2005,1,3242
DOMINIKA,,2005,2,3043,IGOR,2005,1,3065
KATARZYNA,,2005,2,2871,ADAM,2005,1,2981
PAULINA,,2005,2,2871,OSKAR,2005,1,2966
GABRIELA,,2005,2,2765,BARTŁOMIEJ,2005,1,2904
ALICJA,,2005,2,2608,ADRIAN,2005,1,2694
MARTA,,2005,2,2569,HUBERT,2005,1,2643
ZOFIA,,2005,2,2476,ŁUKASZ,2005,1,2614
MARIA,,2005,2,2334,WOJCIECH,2005,1,2466
AGATA,,2005,2,1885,SEBASTIAN,2005,1,2352
MAŁGORZATA,,2005,2,1688,KRZYSZTOF,2005,1,2282
DARIA,,2005,2,1557,OLIWIER,2005,1,2261
HANNA,,2005,2,1551,KRYSTIAN,2005,1,2233
JOANNA,,2005,2,1547,TOMASZ,2005,1,2195
KAMILA,,2005,2,1542,MARCIN,2005,1,2154
SANDRA,,2005,2,1360,DAMIAN,2005,1,2104
LAURA,,2005,2,1294,MAKSYMILIAN,2005,1,2071
ROKSANA,,2005,2,1249,KONRAD,2005,1,1962
JUSTYNA,,2005,2,1189,ALEKSANDER,2005,1,1918
MILENA,,2005,2,1133,DANIEL,2005,1,1697
IZABELA,,2005,2,1068,MIŁOSZ,2005,1,1665
AGNIESZKA,,2005,2,1052,MARCEL,2005,1,1548
MONIKA,,2005,2,991,ANTONI,2005,1,1447
KORNELIA,,2005,2,948,NIKODEM,2005,1,1140
JAGODA,2005,2,909,ALAN,2005,1,1136
NADIA,2005,2,907,RAFAŁ,2005,1,1072
OLGA,2005,2,893,PRZEMYSŁAW,2005,1,1043
ANGELIKA,2005,2,864,FRANCISZEK,2005,1,1025
IGA,2005,2,733,ERYK,2005,1,1022
EWA,2005,2,700,STANISŁAW,2005,1,928
BARBARA,2005,2,663,GRZEGORZ,2005,1,874
EWELINA,2005,2,644,NORBERT,2005,1,871
LENA,2005,2,623,ARTUR,2005,1,791
MARCELINA,2005,2,596,RADOSŁAW,2005,1,779
SYLWIA,2005,2,550,FABIAN,2005,1,726
SARA,2005,2,547,GABRIEL,2005,1,678
MICHALINA,2005,2,529,BŁAŻEJ,2005,1,666
MALWINA,2005,2,510,ARKADIUSZ,2005,1,625
NINA,2005,2,501,GRACJAN,2005,1,622
ADRIANNA,2005,2,477,TYMOTEUSZ,2005,1,617
KAJA,2005,2,472,MAREK,2005,1,607
KARINA,2005,2,431,OLAF,2005,1,594
ELIZA,2005,2,430,ROBERT,2005,1,550
JULITA,2005,2,423,BRAJAN,2005,1,456
ANTONINA,2005,2,417,CEZARY,2005,1,433
URSZULA,2005,2,382,KAJETAN,2005,1,424
ANASTAZJA,2005,2,363,KUBA,2005,1,415
DAGMARA,2005,2,361,ANDRZEJ,2005,1,403
NICOLE,2005,2,352,JULIAN,2005,1,370
MARIKA,2005,2,348,JACEK,2005,1,363
POLA,2005,2,342,MARIUSZ,2005,1,359
"ŁUCJA",2005,2,322,OLIVIER,2005,1,344
MATYLDA,2005,2,321,TOBIASZ,2005,1,314
VANESSA,2005,2,288,SEWERYN,2005,1,306
ANDŻELIKA,2005,2,279,EMIL,2005,1,296
OLIVIA,2005,2,279,DARIUSZ,2005,1,284
MARLENA,2005,2,278,KSAWERY,2005,1,283
JESSICA,2005,2,273,KEWIN,2005,1,282
NICOLA,2005,2,258,ALEKS,2005,1,269
DOROTA,2005,2,254,TYMON,2005,1,263
ANITA,2005,2,251,IGNACY,2005,1,256
LIDIA,2005,2,249,KORNEL,2005,1,254
KALINA,2005,2,248,CYPRIAN,2005,1,236
BEATA,2005,2,233,JĘDRZEJ,2005,1,234
VICTORIA,2005,2,225,DORIAN,2005,1,232
MAGDA,2005,2,223,BORYS,2005,1,220
RÓŻA,2005,2,221,OLIWER,2005,1,207
KLARA,2005,2,218,ALBERT,2005,1,200
HELENA,2005,2,217,NATAN,2005,1,195
ANETA,2005,2,215,KLAUDIUSZ,2005,1,194
SONIA,2005,2,200,JAROSŁAW,2005,1,189
ROZALIA,2005,2 196,,REMIGIUSZ,2005,1 174
WANESSA,2005,2 196,,MAKSYM,2005,1 165
PAULA,2005,2 194,,ALEX,2005,1 159
ANIELA,2005,2 191,,OLIVER,2005,1 159
OTYLIA,2005,2 184,,SAMUEL,2005,1 153
LIWIA,2005,2 180,,WITOLD,2005,1 152
NATASZA,2005,2 172,,ERNEST,2005,1 151
MARIANNA,2005,2 164,,DENIS,2005,1 150
LILIANA,2005,2 163,,DAVID,2005,1 147
EDYTA,2005,2 159,,ALEXANDER,2005,1 146
INGA,2005,2 150,,LEON,2005,1 142
JULIANNA,2005,2 140,,SYLWESTER,2005,1 139
imię,rok urodpłeć,wystąpień,,imię,rok urodz płeć,wystąpień
JULIA,2006,2 14279,,JAKUB,2006,1 15739
WIKTORIA,2006,2 11665,,KACPER,2006,1 12516
OLIWIA,2006,2 9683,,MATEUSZ,2006,1 8969
NATALIA,2006,2 8711,,SZYMON,2006,1 7350
ALEKSANDRA,2006,2 8343,,BARTOSZ,2006,1 6975
ZUZANNA,2006,2 7381,,MICHAŁ,2006,1 6585
MARTYNA,2006,2 5958,,DAWID,2006,1 5334
MAJA,2006,2 5509,,PIOTR,2006,1 4919
AMELIA,2006,2 5318,,FILIP,2006,1 4682
WERONIKA,2006,2 5277,,MACIEJ,2006,1 4627
ANNA,2006,2 4975,,KAMIL,2006,1 4599
KAROLINA,2006,2 4723,,PATRYK,2006,1 4365
KINGA,2006,2 3769,,MIKOŁAJ,2006,1 4290
NIKOLA,2006,2 3746,,PAWEŁ,2006,1 3998
PATRYCJA,2006,2 3731,,WIKTOR,2006,1 3995
EMILIA,2006,2 3603,,DOMINIK,2006,1 3826
MAGDALENA,2006,2 3483,,KAROL,2006,1 3808
KLAUDIA,2006,2 3277,,OSKAR,2006,1 3406
DOMINIKA,2006,2 2985,,ADAM,2006,1 3388
ALICJA,2006,2 2946,,JAN,2006,1 3226
PAULINA,2006,2 2937,,IGOR,2006,1 3154
ZOFIA,2006,2 2827,,TOMASZ,2006,1 2795
GABRIELA,2006,2 2780,,ŁUKASZ,2006,1 2765
MARIA,2006,2 2770,,ADRIAN,2006,1 2740
KATARZYNA,2006,2 2459,,BARTŁOMIEJ,2006,1 2714
MARTA,2006,2 2416,,WOJCIECH,2006,1 2607
AGATA,2006,2 2034,,MAKSYMILIAN,2006,1 2603
HANNA,2006,2 2014,,KRZYSZTOF,2006,1 2523
JOANNA,2006,2 1547,,HUBERT,2006,1 2448
MAŁGORZATA,2006,2 1538,,OLIWIER,2006,1 2336
LENA,2006,2 1512,,SEBASTIAN,2006,1 2336
MILENA,2006,2 1496,,ALEKSANDER,2006,1 2198
KAMILA,2006,2 1417,,KRYSTIAN,2006,1 2185
DARIA,2006,2 1383,,MARCIN,2006,1 2011
SANDRA,2006,2,1266,DAMIAN,2006,1,1920
ROKSANA,2006,2,1256,MIŁOSZ,2006,1,1912
LAURA,2006,2,1214,KONRAD,2006,1,1880
NADIA,2006,2,1164,ANTONI,2006,1,1846
JUSTYNA,2006,2,1143,MARCEL,2006,1,1840
IZABELA,2006,2,1069,DANIEL,2006,1,1617
KORNELIA,2006,2,1058,ALAN,2006,1,1398
JAGODA,2006,2,968,FRANCISZEK,2006,1,1310
AGNIESZKA,2006,2,960,NIKODEM,2006,1,1191
MONIKA,2006,2,851,RAFAŁ,2006,1,1190
ANTONINA,2006,2,832,STANISŁAW,2006,1,1152
ANGELIKA,2006,2,770,PRZEMYSŁAW,2006,1,1086
OLGA,2006,2,733,ERYK,2006,1,1018
SARA,2006,2,730,FABIAN,2006,1,912
IGA,2006,2,725,GRZEGORZ,2006,1,901
MALWINA,2006,2,710,RADOSŁAW,2006,1,889
MICHALINA,2006,2,704,ARTUR,2006,1,806
EWA,2006,2,700,GABRIEL,2006,1,778
BARBARA,2006,2,687,TYMOTEUSZ,2006,1,753
NINA,2006,2,593,BŁAŻEJ,2006,1,726
MARCELINA,2006,2,592,NORBERT,2006,1,673
POLA,2006,2,580,ARKADIUSZ,2006,1,648
EWELINA,2006,2,514,MAREK,2006,1,636
ANASTAZJA,2006,2,472,ROBERT,2006,1,598
SYLWIA,2006,2,446,GRACJAN,2006,1,577
KAJA,2006,2,437,KUBA,2006,1,570
ADRIANNA,2006,2,433,OLAF,2006,1,558
OLIVIA,2006,2,432,KAJETAN,2006,1,549
KARINA,2006,2,428,ANDRZEJ,2006,1,459
NICOLE,2006,2,422,OLIVIER,2006,1,442
MARIKA,2006,2,419,JULIAN,2006,1,422
ELIZA,2006,2,411,CEZARY,2006,1,411
MATYLDA,2006,2,410,TOBIASZ,2006,1,397
JULITA,2006,2,385,JACEK,2006,1,395
"ŁUCJA",2006,2,374,CYPRIAN,2006,1,368
VICTORIA,2006,2,372,EMIL,2006,1,344
NICOLA,2006,2,365,ALEKS,2006,1,330
URSZULA,2006,2,361,MARIUSZ,2006,1,323
DAGMARA,2006,2,354,BORYS,2006,1,322
JESSICA,2006,2,308,KSAWERY,2006,1,311
DOROTA,2006,2,302,IGNACY,2006,1,308
KALINA,2006,2,299,TYMON,2006,1,308
VANESSA,2006,2,297,DARIUSZ,2006,1,298
HELENA,2006,2,287,KORNEL,2006,1,294
MARLENA,2006,2,286,SEWERYN,2006,1,291
LIDIA,2006,2,263,BRAJAN,2006,1,283
ANIELA,2006,2,254,ALEX,2006,1,276
MAGDA,2006,2 252,,NATAN,2006,1 274
ANITA,2006,2 250,,OLIVER,2006,1 244
MARIANNA,2006,2 247,,DAVID,2006,1 236
ANETA,2006,2 244,,DORIAN,2006,1 229
ANDŻELIKA,2006,2 236,,WITOLD,2006,1 216
BLANKA,2006,2 226,,JĘDRZEJ,2006,1 206
NATASZA,2006,2 223,,ALEXANDER,2006,1 191
KLARA,2006,2 216,,BRUNO,2006,1 189
RÓŻA,2006,2 215,,REMIGIUSZ,2006,1 188
LILIANA,2006,2 201,,OLIWER,2006,1 184
OTYLIA,2006,2 195,,LEON,2006,1 181
SONIA,2006,2 194,,KLAUDIUSZ,2006,1 180
WANESSA,2006,2 193,,SAMUEL,2006,1 179
TATIANA,2006,2 192,,JAROSŁAW,2006,1 177
BEATA,2006,2 171,,KEVIN,2006,1 174
ROZALIA,2006,2 171,,KEWIN,2006,1 169
PAULA,2006,2 170,,MAKSYM,2006,1 162
DIANA,2006,2 157,,NATANIEL,2006,1 159
INGA,2006,2 156,,ALBERT,2006,1 156
imię,rok urodpłeć,wystąpień,,imię,rok urodz płeć,wystąpień
JULIA,2007,2 15395,,JAKUB,2007,1 16101
WIKTORIA,2007,2 11591,,KACPER,2007,1 12188
OLIWIA,2007,2 9252,,MATEUSZ,2007,1 8650
ZUZANNA,2007,2 9119,,SZYMON,2007,1 7956
NATALIA,2007,2 8678,,BARTOSZ,2007,1 7660
ALEKSANDRA,2007,2 7658,,MICHAŁ,2007,1 6843
AMELIA,2007,2 7231,,DAWID,2007,1 5623
MAJA,2007,2 6560,,FILIP,2007,1 5579
MARTYNA,2007,2 5813,,PIOTR,2007,1 5224
WERONIKA,2007,2 5068,,WIKTOR,2007,1 4737
ANNA,2007,2 4700,,MACIEJ,2007,1 4561
NIKOLA,2007,2 4482,,MIKOŁAJ,2007,1 4263
KAROLINA,2007,2 4343,,PATRYK,2007,1 4155
EMILIA,2007,2 3766,,PAWEŁ,2007,1 3995
ZOFIA,2007,2 3655,,KAMIL,2007,1 3983
KINGA,2007,2 3364,,DOMINIK,2007,1 3904
PATRYCJA,2007,2 3343,,ADAM,2007,1 3795
MARIA,2007,2 3233,,IGOR,2007,1 3709
MAGDALENA,2007,2 3220,,JAN,2007,1 3552
ALICJA,2007,2 3194,,OSKAR,2007,1 3535
KLAUDIA,2007,2 3130,,KAROL,2007,1 3220
GABRIELA,2007,2 3107,,ADRIAN,2007,1 2973
HANNA,2007,2 2840,,KRZYSZTOF,2007,1 2928
DOMINIKA,2007,2 2715,,MAKSYMILIAN,2007,1 2839
PAULINA,2007,2 2673,,TOMASZ,2007,1 2815
KATARZYNA,2007,2 2352,,WOJCIECH,2007,1 2813
MARTA,2007,2 2235,,BARTŁOMIEJ,2007,1 2700
LENA,2007,2,2119,OLIWIER,2007,1,2647
AGATA,2007,2,1995,ANTONI,2007,1,2490
MILENA,2007,2,1801,ŁUKASZ,2007,1,2475
NADIA,2007,2,1656,SEBASTIAN,2007,1,2475
MAŁGORZATA,2007,2,1592,ALEKSANDER,2007,1,2432
LAURA,2007,2,1426,KRYSTIAN,2007,1,2399
JOANNA,2007,2,1407,HUBERT,2007,1,2297
KAMILA,2007,2,1384,MARCEL,2007,1,2297
DARIA,2007,2,1371,MARCIN,2007,1,1987
ANTONINA,2007,2,1357,MIŁOSZ,2007,1,1984
SANDRA,2007,2,1356,DAMIAN,2007,1,1879
ROKSANA,2007,2,1301,FRANCISZEK,2007,1,1727
KORNELIA,2007,2,1152,KONRAD,2007,1,1726
JAGODA,2007,2,1126,DANIEL,2007,1,1677
JUSTYNA,2007,2,1023,ALAN,2007,1,1576
MICHALINA,2007,2,1002,NIKODEM,2007,1,1464
IZABELA,2007,2,939,STANISŁAW,2007,1,1301
AGNIESZKA,2007,2,880,RAFAŁ,2007,1,1172
MONIKA,2007,2,829,PRZEMYSŁAW,2007,1,1104
IGA,2007,2,775,FABIAN,2007,1,1093
MARCELINA,2007,2,744,ERYK,2007,1,1072
SARA,2007,2,740,GRZEGORZ,2007,1,978
ANGELIKA,2007,2,720,ARTUR,2007,1,956
NINA,2007,2,720,GABRIEL,2007,1,887
BARBARA,2007,2,712,RADOSŁAW,2007,1,854
OLGA,2007,2,688,TYMOTEUSZ,2007,1,839
NICOLA,2007,2,671,BŁAŻEJ,2007,1,821
POLA,2007,2,655,GRACJAN,2007,1,705
OLIVIA,2007,2,649,MAREK,2007,1,644
EWA,2007,2,613,OLIVIER,2007,1,643
MALWINA,2007,2,574,ARKADIUSZ,2007,1,642
VICTORIA,2007,2,524,KUBA,2007,1,634
BLANKA,2007,2,487,NORBERT,2007,1,633
NICOLE,2007,2,472,OLAF,2007,1,629
VANESSA,2007,2,471,JULIAN,2007,1,598
ADRIANNA,2007,2,458,ROBERT,2007,1,593
EWELINA,2007,2,458,KAJETAN,2007,1,529
KAJA,2007,2,458,TYMON,2007,1,496
NATASZA,2007,2,458,BORYS,2007,1,471
ANASTAZJA,2007,2,455,CEZARY,2007,1,451
MARIKA,2007,2,430,JACEK,2007,1,421
"ŁUCJA",2007,2,428,TOBIASZ,2007,1,415
MATYLDA,2007,2,419,CYPRIAN,2007,1,409
KARINA,2007,2,409,ANDRZEJ,2007,1,407
SYLWIA,2007,2,409,ALEX,2007,1,406
JESSICA,2007,2,399,NATAN,2007,1,388
ELIZA,2007,2,385,KORNEL,2007,1,372
URSZULA,2007,2 378,,IGNACY,2007,1 364
JULITA,2007,2 361,,EMIL,2007,1 356
HELENA,2007,2 351,,MARIUSZ,2007,1 337
TATIANA,2007,2 331,,KSAWERY,2007,1 321
DAGMARA,2007,2 320,,SEWERYN,2007,1 321
ANIELA,2007,2 316,,OLIVER,2007,1 318
MARLENA,2007,2 302,,ALEKS,2007,1 311
KALINA,2007,2 297,,DAVID,2007,1 304
DOROTA,2007,2 284,,ALEXANDER,2007,1 297
LIDIA,2007,2 282,,BRAJAN,2007,1 290
MARIANNA,2007,2 271,,DARIUSZ,2007,1 278
ANITA,2007,2 269,,LEON,2007,1 269
LILIANA,2007,2 267,,BRUNO,2007,1 249
NELA,2007,2 241,,DORIAN,2007,1 249
ANDŻELIKA,2007,2 239,,KEVIN,2007,1 236
KLARA,2007,2 234,,JĘDRZEJ,2007,1 226
WANESSA,2007,2 229,,WITOLD,2007,1 217
JUDYTA,2007,2 220,,NATANIEL,2007,1 214
OTYLIA,2007,2 216,,SAMUEL,2007,1 199
ANETA,2007,2 213,,REMIGIUSZ,2007,1 187
PAULA,2007,2 204,,ALBERT,2007,1 181
RÓŻA,2007,2 201,,JAROSŁAW,2007,1 180
ROZALIA,2007,2 199,,MAKSYM,2007,1 171
SONIA,2007,2 194,,KEWIN,2007,1 165
MAGDA,2007,2 193,,ERNEST,2007,1 159
DIANA,2007,2 190,,DENIS,2007,1 149
imię,rok urodpłeć,wystąpień,,imię,rok urodz płeć,wystąpień
JULIA,2008,2 17349,,JAKUB,2008,1 15815
WIKTORIA,2008,2 11005,,KACPER,2008,1 11643
ZUZANNA,2008,2 10702,,MATEUSZ,2008,1 9047
MAJA,2008,2 9705,,SZYMON,2008,1 8403
OLIWIA,2008,2 9522,,BARTOSZ,2008,1 7498
NATALIA,2008,2 8594,,FILIP,2008,1 7348
AMELIA,2008,2 7485,,MICHAŁ,2008,1 7217
ALEKSANDRA,2008,2 7133,,DAWID,2008,1 5652
NIKOLA,2008,2 5562,,WIKTOR,2008,1 5503
MARTYNA,2008,2 5242,,PIOTR,2008,1 5363
WERONIKA,2008,2 5019,,MACIEJ,2008,1 4660
ANNA,2008,2 4605,,PATRYK,2008,1 4611
ZOFIA,2008,2 4378,,MIKOŁAJ,2008,1 4359
EMILIA,2008,2 4213,,IGOR,2008,1 4263
KAROLINA,2008,2 4003,,ADAM,2008,1 4140
GABRIELA,2008,2 3504,,JAN,2008,1 4124
MARIA,2008,2 3458,,DOMINIK,2008,1 3903
PATRYCJA,2008,2 3445,,PAWEŁ,2008,1 3867
ALICJA,2008,2 3391,,KAMIL,2008,1 3798
HANNA,2008,2 3326,,OSKAR,2008,1 3596
KINGA,2008,2,3209,KRZYSZTOF,2008,1,3301
LENA,2008,2,3209,KAROL,2008,1,3223
MAGDALENA,2008,2,2976,ALEKSANDER,2008,1,3118
KLAUDIA,2008,2,2817,WOJCIECH,2008,1,3102
PAULINA,2008,2,2763,MARCEL,2008,1,3070
DOMINIKA,2008,2,2501,ANTONI,2008,1,3037
NADIA,2008,2,2416,BARTŁOMIEJ,2008,1,2992
MILENA,2008,2,2339,ADRIAN,2008,1,2986
MARTA,2008,2,2314,MAKSYMILIAN,2008,1,2967
KATARZYNA,2008,2,2125,TOMASZ,2008,1,2890
AGATA,2008,2,2049,OLIWIER,2008,1,2882
ANTONINA,2008,2,1849,HUBERT,2008,1,2780
LAURA,2008,2,1716,KRYSTIAN,2008,1,2639
ROKSANA,2008,2,1606,ŁUKASZ,2008,1,2404
MAŁGORZATA,2008,2,1587,SEBASTIAN,2008,1,2395
MICHALINA,2008,2,1499,MIŁOSZ,2008,1,2254
DARIA,2008,2,1464,FRANCISZEK,2008,1,2227
JOANNA,2008,2,1456,ALAN,2008,1,2114
SANDRA,2008,2,1328,MARCIN,2008,1,1884
KAMILA,2008,2,1319,NIKODEM,2008,1,1829
KORNELIA,2008,2,1259,DAMIAN,2008,1,1763
JAGODA,2008,2,1143,KONRAD,2008,1,1723
IGA,2008,2,1072,DANIEL,2008,1,1639
IZABELA,2008,2,978,STANISŁAW,2008,1,1438
OLGA,2008,2,936,RAFAŁ,2008,1,1281
NINA,2008,2,898,FABIAN,2008,1,1248
JUSTYNA,2008,2,894,GABRIEL,2008,1,1158
NICOLA,2008,2,848,ERYK,2008,1,1137
MARCELINA,2008,2,840,ARTUR,2008,1,1128
POLA,2008,2,804,PRZEMYSŁAW,2008,1,1089
MALWINA,2008,2,744,TYMOTEUSZ,2008,1,1075
SARA,2008,2,740,GRZEGORZ,2008,1,1008
AGNIESZKA,2008,2,739,BŁAŻEJ,2008,1,956
BARBARA,2008,2,737,JULIAN,2008,1,819
MONIKA,2008,2,724,RADOSŁAW,2008,1,786
OLIVIA,2008,2,694,GRACJAN,2008,1,776
EWA,2008,2,671,KUBA,2008,1,760
BLANKA,2008,2,650,OLIVIER,2008,1,711
NATASZA,2008,2,610,NORBERT,2008,1,678
ANGELIKA,2008,2,593,OLAF,2008,1,674
"ŁUCJA",2008,2,586,MAREK,2008,1,661
NICOLE,2008,2,554,ROBERT,2008,1,634
ANASTAZJA,2008,2,547,KSAWERY,2008,1,633
MATYLDA,2008,2,535,ARKADIUSZ,2008,1,625
VANESSA,2008,2,533,TYMON,2008,1,591
KARINA,2008,2,518,ALEX,2008,1,584
VICTORIA,2008,2,504,BORYS,2008,1,567
ADRIANNA,2008,2 501,,CEZARY,2008,1 542
KAJA,2008,2 495,,NATAN,2008,1 516
LILIANA,2008,2 482,,KAJETAN,2008,1 503
ELIZA,2008,2 469,,ALEKS,2008,1 492
MARIKA,2008,2 457,,IGNACY,2008,1 466
HELENA,2008,2 455,,JACEK,2008,1 457
EWELINA,2008,2 442,,TOBIASZ,2008,1 454
URSZULA,2008,2 419,,ANDRZEJ,2008,1 434
JESSICA,2008,2 390,,EMIL,2008,1 430
JULITA,2008,2 380,,KORNEL,2008,1 403
SYLWIA,2008,2 380,,BRAJAN,2008,1 384
KALINA,2008,2 375,,CYPRIAN,2008,1 368
MARLENA,2008,2 335,,MARIUSZ,2008,1 357
DAGMARA,2008,2 315,,SEWERYN,2008,1 354
ANIELA,2008,2 311,,LEON,2008,1 349
JUDYTA,2008,2 306,,OLIVER,2008,1 340
DOROTA,2008,2 302,,BRUNO,2008,1 333
LIDIA,2008,2 298,,NATANIEL,2008,1 313
KLARA,2008,2 291,,ALEXANDER,2008,1 309
TATIANA,2008,2 289,,DORIAN,2008,1 303
ANITA,2008,2 266,,DARIUSZ,2008,1 290
MARIANNA,2008,2 262,,DAVID,2008,1 273
RÓŻA,2008,2 255,,JĘDRZEJ,2008,1 244
LIWIA,2008,2 216,,REMIGIUSZ,2008,1 235
SONIA,2008,2 216,,WITOLD,2008,1 234
ROZALIA,2008,2 213,,KEVIN,2008,1 229
MAYA,2008,2 210,,JULIUSZ,2008,1 214
ANETA,2008,2 199,,KRYSPIN,2008,1 213
DIANA,2008,2 193,,ALBERT,2008,1 201
WANESSA,2008,2 192,,SAMUEL,2008,1 199
AURELIA,2008,2 189,,JAROSŁAW,2008,1 186
BIANKA,2008,2 186,,MARCELI,2008,1 183
NELA,2008,2 181,,OSCAR,2008,1 181
imię,rok urodpłeć,wystąpień,,imię,rok urodz płeć,wystąpień
JULIA,2009,2 15939,,JAKUB,2009,1 14701
MAJA,2009,2 11705,,KACPER,2009,1 10320
ZUZANNA,2009,2 10600,,SZYMON,2009,1 8968
WIKTORIA,2009,2 9359,,FILIP,2009,1 8555
OLIWIA,2009,2 8592,,MATEUSZ,2009,1 8456
AMELIA,2009,2 7942,,MICHAŁ,2009,1 7284
NATALIA,2009,2 7629,,BARTOSZ,2009,1 7198
ALEKSANDRA,2009,2 6856,,WIKTOR,2009,1 5518
LENA,2009,2 5797,,PIOTR,2009,1 5444
NIKOLA,2009,2 5477,,DAWID,2009,1 5296
ZOFIA,2009,2 5182,,ADAM,2009,1 4695
MARTYNA,2009,2 5035,,JAN,2009,1 4574
WERONIKA,2009,2 4460,,MACIEJ,2009,1 4426
EMILIA,2009,2,4390,IGOR,2009,1,4329
ANNA,2009,2,4327,PATRYK,2009,1,4226
MAGDALENA,2009,2,4065,MIKOŁAJ,2009,1,4190
HANNA,2009,2,3962,DOMINIK,2009,1,3956
KAROLINA,2009,2,3880,OSKAR,2009,1,3918
GABRIELA,2009,2,3774,PAWEŁ,2009,1,3827
ALICJA,2009,2,3410,ANTONI,2009,1,3686
MARIA,2009,2,3269,WOJCIECH,2009,1,3618
NADIA,2009,2,3135,ALEKSANDER,2009,1,3510
KINGA,2009,2,2907,KAMIL,2009,1,3485
PAULINA,2009,2,2776,MARCEL,2009,1,3205
PATRYCJA,2009,2,2671,OLIWIER,2009,1,3183
MILENA,2009,2,2669,KRZYSZTOF,2009,1,3182
KLAUDIA,2009,2,2551,KAROL,2009,1,3115
AGATA,2009,2,2232,FRANCISZEK,2009,1,2982
LAURA,2009,2,2179,MAKSYMILIAN,2009,1,2954
MARTA,2009,2,2104,TOMASZ,2009,1,2930
DOMINIKA,2009,2,1978,HUBERT,2009,1,2878
KATARZYNA,2009,2,1958,BARTŁOMIEJ,2009,1,2661
ANTONINA,2009,2,1950,ADRIAN,2009,1,2621
MAŁGORZATA,2009,2,1631,ALAN,2009,1,2605
MICHALINA,2009,2,1621,SEBASTIAN,2009,1,2526
DARIA,2009,2,1436,MIŁOSZ,2009,1,2322
ROKSANA,2009,2,1394,KRYSTIAN,2009,1,2312
KORNELIA,2009,2,1377,ŁUKASZ,2009,1,2124
JOANNA,2009,2,1314,NIKODEM,2009,1,2066
IGA,2009,2,1212,GABRIEL,2009,1,1924
KAMILA,2009,2,1209,MARCIN,2009,1,1774
SANDRA,2009,2,1153,STANISŁAW,2009,1,1735
NINA,2009,2,1122,DAMIAN,2009,1,1720
JAGODA,2009,2,1119,DANIEL,2009,1,1568
IZABELA,2009,2,1062,KONRAD,2009,1,1477
POLA,2009,2,924,FABIAN,2009,1,1353
BARBARA,2009,2,901,BŁAŻEJ,2009,1,1185
MALWINA,2009,2,886,TYMOTEUSZ,2009,1,1177
BLANKA,2009,2,859,RAFAŁ,2009,1,1172
JUSTYNA,2009,2,845,KSAWERY,2009,1,1112
EWA,2009,2,839,ARTUR,2009,1,1007
OLGA,2009,2,811,PRZEMYSŁAW,2009,1,1003
SARA,2009,2,796,ERYK,2009,1,1001
MARCELINA,2009,2,790,GRZEGORZ,2009,1,997
NICOLA,2009,2,786,JULIAN,2009,1,938
KAJA,2009,2,712,OLAF,2009,1,802
AGNIESZKA,2009,2,704,OLIVIER,2009,1,768
NATASZA,2009,2,698,KUBA,2009,1,760
LILIANA,2009,2,684,IGNACY,2009,1,715
OLIVIA,2009,2,663,GRACJAN,2009,1,709
MONIKA,2009,2 662,,BORYS,2009,1 704
"ŁUCJA",2009,2 661,,RADOSŁAW,2009,1 699
VANESSA,2009,2 659,,ALEX,2009,1 679
HELENA,2009,2 602,,TYMON,2009,1 676
ANASTAZJA,2009,2 592,,NORBERT,2009,1 645
MATYLDA,2009,2 551,,MAREK,2009,1 639
KARINA,2009,2 547,,ARKADIUSZ,2009,1 595
ELIZA,2009,2 542,,ROBERT,2009,1 577
KALINA,2009,2 537,,KAJETAN,2009,1 537
ADRIANNA,2009,2 524,,NATAN,2009,1 527
URSZULA,2009,2 485,,ALEKS,2009,1 505
VICTORIA,2009,2 475,,TOBIASZ,2009,1 478
MARIKA,2009,2 470,,CEZARY,2009,1 476
ANGELIKA,2009,2 460,,KORNEL,2009,1 438
EWELINA,2009,2 456,,EMIL,2009,1 422
JULITA,2009,2 426,,ALEXANDER,2009,1 408
DOROTA,2009,2 422,,LEON,2009,1 405
JESSICA,2009,2 372,,ANDRZEJ,2009,1 403
LIDIA,2009,2 370,,OLIVER,2009,1 393
NICOLE,2009,2 370,,JACEK,2009,1 392
KLARA,2009,2 348,,NATANIEL,2009,1 389
ANIELA,2009,2 346,,BRUNO,2009,1 369
MARLENA,2009,2 338,,CYPRIAN,2009,1 358
DAGMARA,2009,2 311,,SEWERYN,2009,1 343
SYLWIA,2009,2 311,,BRAJAN,2009,1 326
RÓŻA,2009,2 289,,DORIAN,2009,1 319
LILIANNA,2009,2 269,,DARIUSZ,2009,1 296
MARIANNA,2009,2 260,,MARIUSZ,2009,1 294
ANITA,2009,2 252,,WITOLD,2009,1 291
BIANKA,2009,2 245,,IWO,2009,1 290
JUDYTA,2009,2 240,,DAVID,2009,1 280
SONIA,2009,2 224,,SAMUEL,2009,1 253
TATIANA,2009,2 222,,JULIUSZ,2009,1 245
LIWIA,2009,2 220,,KEVIN,2009,1 228
WANESSA,2009,2 219,,JĘDRZEJ,2009,1 222
AURELIA,2009,2 216,,ALBERT,2009,1 210
MAYA,2009,2 214,,KRYSPIN,2009,1 200
ROZALIA,2009,2 210,,NICOLAS,2009,1 184
PAULA,2009,2 207,,REMIGIUSZ,2009,1 180
MAGDA,2009,2 189,,JERZY,2009,1 178
imię,rok urodpłeć,wystąpień,,imię,rok urodz płeć,wystąpień
JULIA,2010,2 15345,,JAKUB,2010,1 13708
MAJA,2010,2 12286,,SZYMON,2010,1 10385
ZUZANNA,2010,2 10206,,KACPER,2010,1 8826
LENA,2010,2 8592,,FILIP,2010,1 8621
WIKTORIA,2010,2 7822,,MICHAŁ,2010,1 7608
AMELIA,2010,2 7565,,MATEUSZ,2010,1 7356
OLIWIA,2010,2,7175,BARTOSZ,2010,1,6664
ALEKSANDRA,2010,2,7107,ADAM,2010,1,5558
NATALIA,2010,2,6991,WOJCIECH,2010,1,5505
ZOFIA,2010,2,5231,WIKTOR,2010,1,5302
NIKOLA,2010,2,4782,PIOTR,2010,1,5188
MARTYNA,2010,2,4689,JAN,2010,1,5093
EMILIA,2010,2,4401,DAWID,2010,1,5021
HANNA,2010,2,4290,MIKOŁAJ,2010,1,4751
ALICJA,2010,2,4225,IGOR,2010,1,4320
ANNA,2010,2,4141,ALEKSANDER,2010,1,4212
GABRIELA,2010,2,3796,MACIEJ,2010,1,4210
WERONIKA,2010,2,3736,ANTONI,2010,1,4125
MARIA,2010,2,3724,PATRYK,2010,1,3741
MAGDALENA,2010,2,3534,DOMINIK,2010,1,3710
KAROLINA,2010,2,3504,OSKAR,2010,1,3538
NADIA,2010,2,3354,PAWEŁ,2010,1,3480
MILENA,2010,2,2950,MARCEL,2010,1,3389
LAURA,2010,2,2434,FRANCISZEK,2010,1,3381
PAULINA,2010,2,2393,KRZYSZTOF,2010,1,3138
PATRYCJA,2010,2,2244,TOMASZ,2010,1,3051
KINGA,2010,2,2189,KAMIL,2010,1,3008
AGATA,2010,2,2166,OLIWIER,2010,1,3004
MARTA,2010,2,2055,MAKSYMILIAN,2010,1,2954
ANTONINA,2010,2,2053,KAROL,2010,1,2866
KLAUDIA,2010,2,2000,HUBERT,2010,1,2720
KATARZYNA,2010,2,1863,ALAN,2010,1,2525
DOMINIKA,2010,2,1773,BARTŁOMIEJ,2010,1,2462
MAŁGORZATA,2010,2,1659,MIŁOSZ,2010,1,2290
MICHALINA,2010,2,1634,NIKODEM,2010,1,2290
DARIA,2010,2,1366,SEBASTIAN,2010,1,2275
KORNELIA,2010,2,1361,ADRIAN,2010,1,2268
JOANNA,2010,2,1341,ŁUKASZ,2010,1,1982
JAGODA,2010,2,1294,KRYSTIAN,2010,1,1965
IGA,2010,2,1260,STANISŁAW,2010,1,1959
BARBARA,2010,2,1235,GABRIEL,2010,1,1665
NINA,2010,2,1170,MARCIN,2010,1,1594
BLANKA,2010,2,1106,DAMIAN,2010,1,1450
ROKSANA,2010,2,1088,KSAWERY,2010,1,1406
SANDRA,2010,2,1067,DANIEL,2010,1,1370
KAMILA,2010,2,1053,FABIAN,2010,1,1342
IZABELA,2010,2,1019,TYMOTEUSZ,2010,1,1313
POLA,2010,2,992,KONRAD,2010,1,1297
EWA,2010,2,989,BŁAŻEJ,2010,1,1160
LILIANA,2010,2,927,JULIAN,2010,1,1126
NATASZA,2010,2,852,BORYS,2010,1,1034
JUSTYNA,2010,2,846,ARTUR,2010,1,992
HELENA,2010,2,825,RAFAŁ,2010,1,988
OLGA,2010,2,806,IGNACY,2010,1,933
MALWINA,2010,2,805,GRZEGORZ,2010,1,920
MARCELINA,2010,2,787,PRZEMYSŁAW,2010,1,916
"ŁUCJA",2010,2,780,TYMON,2010,1,868
KAJA,2010,2,742,OLAF,2010,1,867
SARA,2010,2,715,ERYK,2010,1,805
NICOLA,2010,2,668,OLIVIER,2010,1,793
KALINA,2010,2,640,KUBA,2010,1,758
OLIVIA,2010,2,631,ALEX,2010,1,645
MATYLDA,2010,2,608,ROBERT,2010,1,627
AGNIESZKA,2010,2,581,RADOSŁAW,2010,1,620
ANASTAZJA,2010,2,580,MAREK,2010,1,594
MONIKA,2010,2,554,KAJETAN,2010,1,593
URSZULA,2010,2,551,NATAN,2010,1,573
ELIZA,2010,2,547,GRACJAN,2010,1,550
ADRIANNA,2010,2,544,NORBERT,2010,1,533
VANESSA,2010,2,540,LEON,2010,1,531
DOROTA,2010,2,486,ALEKS,2010,1,517
KLARA,2010,2,479,ARKADIUSZ,2010,1,510
KARINA,2010,2,471,CEZARY,2010,1,495
MARIKA,2010,2,436,KORNEL,2010,1,443
VICTORIA,2010,2,429,TOBIASZ,2010,1,436
JULITA,2010,2,388,EMIL,2010,1,427
EWELINA,2010,2,380,ANDRZEJ,2010,1,409
LILIANNA,2010,2,376,OLIVER,2010,1,404
ANIELA,2010,2,367,NATANIEL,2010,1,402
LIDIA,2010,2,367,BRUNO,2010,1,387
NICOLE,2010,2,342,ALEXANDER,2010,1,377
ANGELIKA,2010,2,333,JACEK,2010,1,365
JESSICA,2010,2,332,DORIAN,2010,1,362
RÓŻA,2010,2,320,CYPRIAN,2010,1,340
MARLENA,2010,2,316,SEWERYN,2010,1,316
DAGMARA,2010,2,315,WITOLD,2010,1,312
LIWIA,2010,2,266,DARIUSZ,2010,1,295
ANITA,2010,2,257,BRAJAN,2010,1,284
SONIA,2010,2,251,MARIUSZ,2010,1,272
MAYA,2010,2,250,IWO,2010,1,259
JUDYTA,2010,2,246,JULIUSZ,2010,1,256
MARIANNA,2010,2,238,DAVID,2010,1,237
ROZALIA,2010,2,232,JĘDRZEJ,2010,1,236
SYLWIA,2010,2,231,SAMUEL,2010,1,228
AURELIA,2010,2,225,JERZY,2010,1,225
BIANKA,2010,2,210,KEVIN,2010,1,210
TATIANA,2010,2,193,ALBERT,2010,1,196
JULIANNA,2010,2,182,REMIGIUSZ,2010,1,195
ADA,2010,2,181,TADEUSZ,2010,1,179
NELA,2010,2,173,XAVIER,2010,1,176
imię,rok urodpłeć,wystąpień,imię,rok urodz płeć,wystąpień
JULIA,2011,2 13673,JAKUB,2011,1 12594
MAJA,2011,2 11092,SZYMON,2011,1 9312
LENA,2011,2 10167,FILIP,2011,1 8388
ZUZANNA,2011,2 9237,KACPER,2011,1 7928
WIKTORIA,2011,2 7261,MICHAŁ,2011,1 6504
AMELIA,2011,2 6897,MATEUSZ,2011,1 6454
ALEKSANDRA,2011,2 6496,BARTOSZ,2011,1 6005
OLIWIA,2011,2 6392,ADAM,2011,1 5585
NATALIA,2011,2 6339,JAN,2011,1 5453
ZOFIA,2011,2 5051,WOJCIECH,2011,1 5094
HANNA,2011,2 4732,PIOTR,2011,1 4868
ALICJA,2011,2 4399,WIKTOR,2011,1 4626
EMILIA,2011,2 4165,ANTONI,2011,1 4518
NIKOLA,2011,2 4110,IGOR,2011,1 4437
MARTYNA,2011,2 3941,ALEKSANDER,2011,1 4315
ANNA,2011,2 3899,MIKOŁAJ,2011,1 4260
MARIA,2011,2 3829,DAWID,2011,1 4220
GABRIELA,2011,2 3575,KAROL,2011,1 3615
NADIA,2011,2 3280,MACIEJ,2011,1 3545
WERONIKA,2011,2 3101,MARCEL,2011,1 3366
KAROLINA,2011,2 3001,FRANCISZEK,2011,1 3343
MILENA,2011,2 2969,PATRYK,2011,1 3190
MAGDALENA,2011,2 2892,OSKAR,2011,1 3170
LAURA,2011,2 2685,DOMINIK,2011,1 3162
ANTONINA,2011,2 2320,PAWEŁ,2011,1 2979
PAULINA,2011,2 2036,KRZYSZTOF,2011,1 2785
AGATA,2011,2 1959,TOMASZ,2011,1 2736
PATRYCJA,2011,2 1953,MAKSYMILIAN,2011,1 2722
MARTA,2011,2 1820,KAMIL,2011,1 2720
KINGA,2011,2 1739,OLIWIER,2011,1 2684
MICHALINA,2011,2 1736,ALAN,2011,1 2644
KLAUDIA,2011,2 1614,HUBERT,2011,1 2376
KATARZYNA,2011,2 1603,STANISŁAW,2011,1 2343
MAŁGORZATA,2011,2 1498,BARTŁOMIEJ,2011,1 2254
DOMINIKA,2011,2 1421,NIKODEM,2011,1 2243
NINA,2011,2 1387,SEBASTIAN,2011,1 2179
KORNELIA,2011,2 1314,MIŁOSZ,2011,1 2100
JOANNA,2011,2 1239,ADRIAN,2011,1 2003
POLA,2011,2 1218,GABRIEL,2011,1 1741
IGA,2011,2 1212,KRYSTIAN,2011,1 1735
BARBARA,2011,2 1210,KSAWERY,2011,1 1651
JAGODA,2011,2 1187,ŁUKASZ,2011,1 1576
LILIANA,2011,2 1159,MARCIN,2011,1 1369
BLANKA,2011,2 1045,FABIAN,2011,1 1345
IZABELA,2011,2 1008,TYMOTEUSZ,2011,1 1291
HELENA,2011,2 1005,DAMIAN,2011,1 1257
EWA,2011,2,977,JULIAN,2011,1,1236
DARIA,2011,2,960,DANIEL,2011,1,1181
KAMILA,2011,2,953,BŁAŻEJ,2011,1,1177
ROKSANA,2011,2,925,BORYS,2011,1,1090
MARCELINA,2011,2,869,KONRAD,2011,1,1054
SANDRA,2011,2,846,TYMON,2011,1,1054
"ŁUCJA",2011,2,833,ARTUR,2011,1,1034
KAJA,2011,2,775,IGNACY,2011,1,1034
NATASZA,2011,2,766,LEON,2011,1,961
OLGA,2011,2,736,RAFAŁ,2011,1,920
MALWINA,2011,2,732,PRZEMYSŁAW,2011,1,847
JUSTYNA,2011,2,725,GRZEGORZ,2011,1,826
SARA,2011,2,696,OLAF,2011,1,823
KALINA,2011,2,695,ERYK,2011,1,807
ANASTAZJA,2011,2,565,KUBA,2011,1,751
MATYLDA,2011,2,558,KAJETAN,2011,1,698
ADRIANNA,2011,2,544,OLIVIER,2011,1,671
ELIZA,2011,2,534,ALEX,2011,1,602
KLARA,2011,2,518,RADOSŁAW,2011,1,599
OLIVIA,2011,2,515,NATAN,2011,1,589
MONIKA,2011,2,510,CEZARY,2011,1,552
NICOLA,2011,2,493,ROBERT,2011,1,551
AGNIESZKA,2011,2,491,MAREK,2011,1,541
URSZULA,2011,2,490,ALEKS,2011,1,511
VANESSA,2011,2,489,GRACJAN,2011,1,472
KARINA,2011,2,474,EMIL,2011,1,448
MARIKA,2011,2,456,TOBIASZ,2011,1,448
DOROTA,2011,2,438,BRUNO,2011,1,436
LIDIA,2011,2,398,ALEXANDER,2011,1,435
LILIANNA,2011,2,393,NATANIEL,2011,1,428
VICTORIA,2011,2,378,NORBERT,2011,1,427
ANIELA,2011,2,367,ARKADIUSZ,2011,1,422
EWELINA,2011,2,328,KORNEL,2011,1,420
JULITA,2011,2,326,JACEK,2011,1,354
MARLENA,2011,2,303,ANDRZEJ,2011,1,340
RÓŻA,2011,2,297,SEWERYN,2011,1,332
ANGELIKA,2011,2,287,OLIVER,2011,1,322
JESSICA,2011,2,285,DORIAN,2011,1,311
ROZALIA,2011,2,271,WITOLD,2011,1,297
DAGMARA,2011,2,267,JĘDRZEJ,2011,1,268
MARIANNA,2011,2,263,CYPRIAN,2011,1,263
LIWIA,2011,2,258,BRAJAN,2011,1,247
BIANKA,2011,2,244,DAVID,2011,1,241
NELA,2011,2,240,DARIUSZ,2011,1,237
NICOLE,2011,2,239,IWO,2011,1,226
SONIA,2011,2,237,JERZY,2011,1,223
AURELIA,2011,2,229,SAMUEL,2011,1,218
ADA,2011,2 228,,MARIUSZ,2011,1 215
MAYA,2011,2 210,,RYSZARD,2011,1 215
ANITA,2011,2 203,,TADEUSZ,2011,1 208
JUDYTA,2011,2 197,,JULIUSZ,2011,1 206
ELENA,2011,2 190,,ALBERT,2011,1 199
SYLWIA,2011,2 182,,REMIGIUSZ,2011,1 174
MAGDA,2011,2 173,,JEREMI,2011,1 168
imię,rok urodpłeć,wystąpień,,imię,rok urodz płeć,wystąpień
JULIA,2012,2 14083,,JAKUB,2012,1 11862
LENA,2012,2 11945,,KACPER,2012,1 9120
MAJA,2012,2 10232,,FILIP,2012,1 8702
ZUZANNA,2012,2 8858,,SZYMON,2012,1 8100
WIKTORIA,2012,2 6877,,JAN,2012,1 6569
AMELIA,2012,2 6657,,MICHAŁ,2012,1 6058
OLIWIA,2012,2 6266,,ANTONI,2012,1 5835
ALEKSANDRA,2012,2 6007,,MATEUSZ,2012,1 5459
NATALIA,2012,2 5854,,BARTOSZ,2012,1 5333
ZOFIA,2012,2 5559,,WOJCIECH,2012,1 5109
HANNA,2012,2 5285,,ADAM,2012,1 5086
ALICJA,2012,2 4377,,PIOTR,2012,1 4609
EMILIA,2012,2 4068,,ALEKSANDER,2012,1 4525
NIKOLA,2012,2 3879,,IGOR,2012,1 4394
MARIA,2012,2 3864,,MIKOŁAJ,2012,1 4390
ANNA,2012,2 3794,,WIKTOR,2012,1 4290
GABRIELA,2012,2 3441,,DAWID,2012,1 3916
MARTYNA,2012,2 3396,,MARCEL,2012,1 3742
NADIA,2012,2 3272,,FRANCISZEK,2012,1 3608
MILENA,2012,2 3089,,ALAN,2012,1 3416
MAGDALENA,2012,2 2928,,MACIEJ,2012,1 3325
KAROLINA,2012,2 2765,,DOMINIK,2012,1 3091
WERONIKA,2012,2 2743,,KAROL,2012,1 3084
LAURA,2012,2 2625,,OSKAR,2012,1 3056
ANTONINA,2012,2 2330,,OLIWIER,2012,1 2844
AGATA,2012,2 1903,,HUBERT,2012,1 2678
POLA,2012,2 1898,,TOMASZ,2012,1 2661
KORNELIA,2012,2 1807,,PATRYK,2012,1 2660
PAULINA,2012,2 1738,,PAWEŁ,2012,1 2643
KINGA,2012,2 1672,,MAKSYMILIAN,2012,1 2621
PATRYCJA,2012,2 1627,,KRZYSZTOF,2012,1 2589
MARTA,2012,2 1537,,KAMIL,2012,1 2517
MICHALINA,2012,2 1505,,MIŁOSZ,2012,1 2475
NINA,2012,2 1485,,STANISŁAW,2012,1 2400
IGA,2012,2 1422,,NIKODEM,2012,1 2323
MAŁGORZATA,2012,2 1404,,SEBASTIAN,2012,1 1984
KLAUDIA,2012,2 1391,,BARTŁOMIEJ,2012,1 1983
KATARZYNA,2012,2 1367,,ADRIAN,2012,1 1764
JOANNA,2012,2 1352,,GABRIEL,2012,1 1716
LILIANA,2012,2,1344,KRYSTIAN,2012,1,1598
JAGODA,2012,2,1343,JULIAN,2012,1,1546
DOMINIKA,2012,2,1230,TYMOTEUSZ,2012,1,1544
BARBARA,2012,2,1210,KSAWERY,2012,1,1534
BLANKA,2012,2,1092,FABIAN,2012,1,1452
HELENA,2012,2,1072,LEON,2012,1,1429
MARCELINA,2012,2,1030,ŁUKASZ,2012,1,1375
IZABELA,2012,2,1005,TYMON,2012,1,1342
KAJA,2012,2,1001,IGNACY,2012,1,1250
EWA,2012,2,959,BŁAŻEJ,2012,1,1236
"ŁUCJA",2012,2,884,MARCIN,2012,1,1174
DARIA,2012,2,821,BORYS,2012,1,1104
SANDRA,2012,2,809,DAMIAN,2012,1,1073
KAMILA,2012,2,805,DANIEL,2012,1,1057
MALWINA,2012,2,732,ARTUR,2012,1,947
SARA,2012,2,718,OLAF,2012,1,931
KALINA,2012,2,712,KONRAD,2012,1,874
OLGA,2012,2,700,KAJETAN,2012,1,840
ROKSANA,2012,2,686,RAFAŁ,2012,1,823
NATASZA,2012,2,654,GRZEGORZ,2012,1,804
ANASTAZJA,2012,2,595,ERYK,2012,1,761
KLARA,2012,2,590,KUBA,2012,1,751
MATYLDA,2012,2,572,PRZEMYSŁAW,2012,1,743
JUSTYNA,2012,2,569,OLIVIER,2012,1,612
ELIZA,2012,2,541,CEZARY,2012,1,591
URSZULA,2012,2,541,NATAN,2012,1,577
ADRIANNA,2012,2,499,RADOSŁAW,2012,1,570
OLIVIA,2012,2,493,ROBERT,2012,1,526
ANIELA,2012,2,463,MAREK,2012,1,514
AGNIESZKA,2012,2,457,ALEX,2012,1,504
NICOLA,2012,2,457,BRUNO,2012,1,486
MONIKA,2012,2,435,EMIL,2012,1,473
LILIANNA,2012,2,431,TOBIASZ,2012,1,460
MARIKA,2012,2,427,GRACJAN,2012,1,452
LIDIA,2012,2,421,KORNEL,2012,1,445
DOROTA,2012,2,418,NATANIEL,2012,1,427
VANESSA,2012,2,392,ARKADIUSZ,2012,1,408
KARINA,2012,2,376,BRAJAN,2012,1,400
RÓŻA,2012,2,368,NORBERT,2012,1,374
VICTORIA,2012,2,350,ALEXANDER,2012,1,370
MARIANNA,2012,2,338,ALEKS,2012,1,361
MARLENA,2012,2,323,WITOLD,2012,1,355
LIWIA,2012,2,317,ANDRZEJ,2012,1,329
ROZALIA,2012,2,305,DORIAN,2012,1,328
ADA,2012,2,293,SEWERYN,2012,1,317
AURELIA,2012,2,288,JACEK,2012,1,316
NELA,2012,2,287,OLIVER,2012,1,271
DAGMARA,2012,2 275,,JERZY,2012,1 267
JULITA,2012,2 271,,IWO,2012,1 263
SONIA,2012,2 265,,TADEUSZ,2012,1 240
BIANKA,2012,2 259,,CYPRIAN,2012,1 227
ANGELIKA,2012,2 254,,JULIUSZ,2012,1 225
ANITA,2012,2 244,,JĘDRZEJ,2012,1 222
NICOLE,2012,2 237,,DAVID,2012,1 216
EWELINA,2012,2 230,,SAMUEL,2012,1 192
JESSICA,2012,2 226,,DARIUSZ,2012,1 189
ELENA,2012,2 208,,MIESZKO,2012,1 181
SYLWIA,2012,2 207,,RYSZARD,2012,1 180
TATIANA,2012,2 196,,ALBERT,2012,1 179
MAYA,2012,2 183,,STEFAN,2012,1 174
DIANA,2012,2 178,,KEVIN,2012,1 172
imię,rok urodpłeć,wystąpień,,imię,rok urodz płeć,wystąpień
LENA,2013,2 11165,,JAKUB,2013,1 10672
JULIA,2013,2 10890,,KACPER,2013,1 8449
ZUZANNA,2013,2 9480,,FILIP,2013,1 7854
MAJA,2013,2 9085,,SZYMON,2013,1 7064
ZOFIA,2013,2 6600,,JAN,2013,1 6915
AMELIA,2013,2 6212,,ANTONI,2013,1 6584
HANNA,2013,2 6134,,MICHAŁ,2013,1 5523
ALEKSANDRA,2013,2 5944,,WOJCIECH,2013,1 5133
WIKTORIA,2013,2 5928,,MATEUSZ,2013,1 4853
NATALIA,2013,2 5422,,ADAM,2013,1 4836
OLIWIA,2013,2 5390,,FRANCISZEK,2013,1 4653
ALICJA,2013,2 4768,,BARTOSZ,2013,1 4616
NIKOLA,2013,2 4183,,ALEKSANDER,2013,1 4409
MARIA,2013,2 3841,,PIOTR,2013,1 4385
EMILIA,2013,2 3692,,MIKOŁAJ,2013,1 4214
ANNA,2013,2 3632,,IGOR,2013,1 3983
NADIA,2013,2 3107,,WIKTOR,2013,1 3957
GABRIELA,2013,2 2996,,MARCEL,2013,1 3795
MARTYNA,2013,2 2928,,DAWID,2013,1 3302
ANTONINA,2013,2 2854,,ALAN,2013,1 3119
MILENA,2013,2 2694,,OLIWIER,2013,1 2977
MAGDALENA,2013,2 2471,,MACIEJ,2013,1 2917
LAURA,2013,2 2396,,OSKAR,2013,1 2871
WERONIKA,2013,2 2242,,KAROL,2013,1 2699
KAROLINA,2013,2 2182,,MAKSYMILIAN,2013,1 2665
POLA,2013,2 2038,,TOMASZ,2013,1 2620
AGATA,2013,2 1878,,DOMINIK,2013,1 2611
KORNELIA,2013,2 1851,,STANISŁAW,2013,1 2512
LILIANA,2013,2 1730,,MIŁOSZ,2013,1 2464
IGA,2013,2 1504,,PAWEŁ,2013,1 2357
NINA,2013,2 1462,,KRZYSZTOF,2013,1 2347
MICHALINA,2013,2 1444,,HUBERT,2013,1 2340
PAULINA,2013,2,1439,PATRYK,2013,1,2183
PATRYCJA,2013,2,1426,KAMIL,2013,1,2138
KINGA,2013,2,1413,NIKODEM,2013,1,2107
JAGODA,2013,2,1330,FABIAN,2013,1,2027
MARTA,2013,2,1316,LEON,2013,1,1838
KATARZYNA,2013,2,1229,BARTŁOMIEJ,2013,1,1836
JOANNA,2013,2,1216,SEBASTIAN,2013,1,1703
MAŁGORZATA,2013,2,1184,JULIAN,2013,1,1631
HELENA,2013,2,1169,GABRIEL,2013,1,1499
KLAUDIA,2013,2,1148,TYMOTEUSZ,2013,1,1459
BARBARA,2013,2,1074,TYMON,2013,1,1373
KAJA,2013,2,1043,KRYSTIAN,2013,1,1348
DOMINIKA,2013,2,1028,KSAWERY,2013,1,1346
BLANKA,2013,2,1001,ADRIAN,2013,1,1344
MARCELINA,2013,2,991,IGNACY,2013,1,1161
IZABELA,2013,2,924,ŁUKASZ,2013,1,1116
EWA,2013,2,826,BŁAŻEJ,2013,1,1092
"ŁUCJA",2013,2,800,MARCIN,2013,1,1044
KAMILA,2013,2,697,NATAN,2013,1,943
DARIA,2013,2,694,DAMIAN,2013,1,898
ANASTAZJA,2013,2,684,KAJETAN,2013,1,884
SARA,2013,2,678,DANIEL,2013,1,878
KALINA,2013,2,642,ARTUR,2013,1,827
SANDRA,2013,2,639,KUBA,2013,1,820
OLGA,2013,2,635,BORYS,2013,1,806
KLARA,2013,2,625,KONRAD,2013,1,729
MALWINA,2013,2,577,GRZEGORZ,2013,1,720
NATASZA,2013,2,563,RAFAŁ,2013,1,697
ROKSANA,2013,2,556,PRZEMYSŁAW,2013,1,696
MATYLDA,2013,2,546,OLAF,2013,1,689
LILIANNA,2013,2,521,ERYK,2013,1,679
ELIZA,2013,2,520,OLIVIER,2013,1,614
URSZULA,2013,2,516,RADOSŁAW,2013,1,574
JUSTYNA,2013,2,464,ROBERT,2013,1,504
ADRIANNA,2013,2,451,NATANIEL,2013,1,467
ANIELA,2013,2,450,TOBIASZ,2013,1,447
NICOLA,2013,2,425,KORNEL,2013,1,445
NELA,2013,2,423,CEZARY,2013,1,441
LIDIA,2013,2,422,BRUNO,2013,1,430
DOROTA,2013,2,414,MAREK,2013,1,415
RÓŻA,2013,2,403,EMIL,2013,1,383
MARIKA,2013,2,401,ALEX,2013,1,375
LIWIA,2013,2,379,GRACJAN,2013,1,363
KARINA,2013,2,372,BRAJAN,2013,1,356
MONIKA,2013,2,364,ALEKS,2013,1,343
AGNIESZKA,2013,2,358,JERZY,2013,1,319
OLIVIA,2013,2,350,ALEXANDER,2013,1,318
ROZALIA,2013,2 321,,WITOLD,2013,1 318
VANESSA,2013,2 321,,TADEUSZ,2013,1 309
MARIANNA,2013,2 320,,ARKADIUSZ,2013,1 304
MARLENA,2013,2 294,,ANDRZEJ,2013,1 286
AURELIA,2013,2 273,,NORBERT,2013,1 284
INGA,2013,2 268,,MILAN,2013,1 264
VICTORIA,2013,2 266,,JACEK,2013,1 263
BIANKA,2013,2 255,,DORIAN,2013,1 259
ADA,2013,2 251,,SEWERYN,2013,1 247
JULITA,2013,2 239,,OLIVER,2013,1 238
EWELINA,2013,2 237,,JULIUSZ,2013,1 235
DAGMARA,2013,2 226,,MIESZKO,2013,1 222
ANITA,2013,2 205,,IWO,2013,1 219
SONIA,2013,2 192,,STEFAN,2013,1 215
ELENA,2013,2 189,,CYPRIAN,2013,1 214
JESSICA,2013,2 176,,JĘDRZEJ,2013,1 198
DIANA,2013,2 174,,RYSZARD,2013,1 195
SYLWIA,2013,2 172,,JÓZEF,2013,1 188
MIA,2013,2 164,,ALBERT,2013,1 181
NICOLE,2013,2 158,,JEREMI,2013,1 174
ELŻBIETA,2013,2 156,,LEONARD,2013,1 171
imię,rok urodpłeć,wystąpień,,imię,rok urodz płeć,wystąpień
LENA,2014,2 9642,,JAKUB,2014,1 9382
ZUZANNA,2014,2 8856,,KACPER,2014,1 7232
JULIA,2014,2 8572,,ANTONI,2014,1 7143
MAJA,2014,2 8055,,FILIP,2014,1 6903
ZOFIA,2014,2 6733,,JAN,2014,1 6817
HANNA,2014,2 6407,,SZYMON,2014,1 6112
ALEKSANDRA,2014,2 5935,,FRANCISZEK,2014,1 5139
AMELIA,2014,2 5586,,MICHAŁ,2014,1 5004
NATALIA,2014,2 5205,,WOJCIECH,2014,1 4959
WIKTORIA,2014,2 5149,,ALEKSANDER,2014,1 4896
ALICJA,2014,2 4932,,MIKOŁAJ,2014,1 4787
OLIWIA,2014,2 4807,,ADAM,2014,1 4681
NIKOLA,2014,2 3969,,PIOTR,2014,1 4149
MARIA,2014,2 3719,,MATEUSZ,2014,1 3978
EMILIA,2014,2 3604,,BARTOSZ,2014,1 3939
ANNA,2014,2 3265,,IGOR,2014,1 3795
NADIA,2014,2 3103,,WIKTOR,2014,1 3755
ANTONINA,2014,2 2953,,MARCEL,2014,1 3736
GABRIELA,2014,2 2808,,DAWID,2014,1 3021
MARTYNA,2014,2 2719,,STANISŁAW,2014,1 2798
LILIANA,2014,2 2543,,MIŁOSZ,2014,1 2713
MILENA,2014,2 2463,,MAKSYMILIAN,2014,1 2712
LAURA,2014,2 2261,,KAROL,2014,1 2684
POLA,2014,2 2224,,ALAN,2014,1 2665
MAGDALENA,2014,2 2175,,OLIWIER,2014,1 2556
KAROLINA,2014,2,2004,OSKAR,2014,1,2549
KORNELIA,2014,2,1942,MACIEJ,2014,1,2514
WERONIKA,2014,2,1855,TOMASZ,2014,1,2401
AGATA,2014,2,1812,DOMINIK,2014,1,2309
IGA,2014,2,1729,NIKODEM,2014,1,2293
JAGODA,2014,2,1572,KRZYSZTOF,2014,1,2160
NINA,2014,2,1471,PAWEŁ,2014,1,2103
BARBARA,2014,2,1432,LEON,2014,1,2051
MICHALINA,2014,2,1428,HUBERT,2014,1,1951
KINGA,2014,2,1344,KAMIL,2014,1,1884
HELENA,2014,2,1334,NATAN,2014,1,1852
PAULINA,2014,2,1332,FABIAN,2014,1,1815
MARCELINA,2014,2,1216,PATRYK,2014,1,1669
MARTA,2014,2,1150,BARTŁOMIEJ,2014,1,1634
PATRYCJA,2014,2,1133,JULIAN,2014,1,1573
MAŁGORZATA,2014,2,1106,TYMON,2014,1,1535
KATARZYNA,2014,2,1095,TYMOTEUSZ,2014,1,1531
KLAUDIA,2014,2,1021,KSAWERY,2014,1,1434
"ŁUCJA",2014,2,952,IGNACY,2014,1,1408
JOANNA,2014,2,949,SEBASTIAN,2014,1,1403
BLANKA,2014,2,928,GABRIEL,2014,1,1392
KAJA,2014,2,918,KRYSTIAN,2014,1,1126
IZABELA,2014,2,875,ADRIAN,2014,1,1103
DOMINIKA,2014,2,866,ŁUKASZ,2014,1,935
EWA,2014,2,755,MARCIN,2014,1,910
KLARA,2014,2,716,BŁAŻEJ,2014,1,904
ANASTAZJA,2014,2,682,KAJETAN,2014,1,857
NELA,2014,2,660,BORYS,2014,1,799
LILIANNA,2014,2,649,ARTUR,2014,1,782
SARA,2014,2,625,DANIEL,2014,1,746
OLGA,2014,2,623,DAMIAN,2014,1,711
KALINA,2014,2,611,ERYK,2014,1,709
KAMILA,2014,2,608,GRZEGORZ,2014,1,703
DARIA,2014,2,562,KUBA,2014,1,680
MALWINA,2014,2,532,OLAF,2014,1,635
SANDRA,2014,2,532,RAFAŁ,2014,1,616
MATYLDA,2014,2,525,KONRAD,2014,1,608
ANIELA,2014,2,515,PRZEMYSŁAW,2014,1,579
ADRIANNA,2014,2,501,NATANIEL,2014,1,532
URSZULA,2014,2,501,RADOSŁAW,2014,1,519
ELIZA,2014,2,493,TOBIASZ,2014,1,501
ROKSANA,2014,2,457,BRUNO,2014,1,488
NATASZA,2014,2,426,CEZARY,2014,1,474
DOROTA,2014,2,406,OLIVIER,2014,1,449
RÓŻA,2014,2,401,MAREK,2014,1,404
JUSTYNA,2014,2,387,ROBERT,2014,1,400
LIDIA,2014,2,385,EMIL,2014,1,397
MARIANNA,2014,2,381,WITOLD,2014,1,384
MARIKA,2014,2,365,KORNEL,2014,1,368
LIWIA,2014,2,364,ALEX,2014,1,364
AGNIESZKA,2014,2,349,ALEKS,2014,1,361
KARINA,2014,2,345,TADEUSZ,2014,1,358
ROZALIA,2014,2,332,GRACJAN,2014,1,353
NICOLA,2014,2,304,JERZY,2014,1,348
MONIKA,2014,2,299,ANDRZEJ,2014,1,305
VANESSA,2014,2,283,ARKADIUSZ,2014,1,282
BIANKA,2014,2,282,MILAN,2014,1,253
AURELIA,2014,2,269,JACEK,2014,1,241
ADA,2014,2,257,MIESZKO,2014,1,241
MARLENA,2014,2,238,NORBERT,2014,1,241
DAGMARA,2014,2,220,DORIAN,2014,1,238
EMMA,2014,2,209,BRAJAN,2014,1,236
INGA,2014,2,206,STEFAN,2014,1,236
ELENA,2014,2,189,IWO,2014,1,233
OLIVIA,2014,2,189,GUSTAW,2014,1,226
JULITA,2014,2,185,KONSTANTY,2014,1,219
DIANA,2014,2,176,LEONARD,2014,1,219
EWELINA,2014,2,174,ALEXANDER,2014,1,214
ANITA,2014,2,170,SEWERYN,2014,1,214
VICTORIA,2014,2,169,JULIUSZ,2014,1,206
MIA,2014,2,164,RYSZARD,2014,1,205
APOLONIA,2014,2,151,JÓZEF,2014,1,187
ELŻBIETA,2014,2,147,KAZIMIERZ,2014,1,184
SONIA,2014,2,145,JĘDRZEJ,2014,1,170
MELANIA,2014,2,144,CYPRIAN,2014,1,166
